.github/workflows/pr-review-dispatch.yaml
  s_62258254606868::t_9f86ff35306f17 11-12
package.json
  s_62258254606868::t_237acc5288fa24 29-32,75
packages/create-twenty-app/package.json
  s_62258254606868::t_4d3d31c9ae09d7 3
packages/twenty-apps/public/call-recorder/SETUP.md
  s_62258254606868::t_07117d19108bb4 19-24,39-40
packages/twenty-apps/public/call-recorder/package.json
  s_62258254606868::t_bc7b70d4f8d696 3
packages/twenty-apps/public/call-recorder/src/__tests__/application-config.test.ts
  s_62258254606868::t_94380e27521a07 1-18
packages/twenty-apps/public/call-recorder/src/application-config.ts
  s_62258254606868::t_dc437af0f35809 13,26,35,94-106
packages/twenty-apps/public/call-recorder/src/constants/call-recorder-transcript-provider-app-variable-universal-identifier.ts
  s_62258254606868::t_e8017d2b8af594 1-2
packages/twenty-apps/public/call-recorder/src/logic-functions/constants/call-recorder-transcript-provider-env-var-name.ts
  s_62258254606868::t_50cc92f501d19e 1-2
packages/twenty-apps/public/call-recorder/src/logic-functions/constants/default-call-recorder-transcript-provider.ts
  s_62258254606868::t_5da04ded7792c9 1-4
packages/twenty-apps/public/call-recorder/src/logic-functions/constants/recall-async-transcript-providers.ts
  s_62258254606868::t_e77bc9fa7772aa 1-3
packages/twenty-apps/public/call-recorder/src/logic-functions/flows/__tests__/handle-recall-webhook.test.ts
  s_62258254606868::t_691c3fcb56174a 326-372
packages/twenty-apps/public/call-recorder/src/logic-functions/recall-api/__tests__/recall-bot-api.test.ts
  s_62258254606868::t_1a9ceb046bf80f 15,31,44,557,573-591
packages/twenty-apps/public/call-recorder/src/logic-functions/recall-api/create-async-recall-transcript.util.ts
  s_62258254606868::t_df85a6b63352b6 6,28
packages/twenty-apps/public/call-recorder/src/logic-functions/types/recall-async-transcript-provider.type.ts
  s_62258254606868::t_09e54a8b8819c3 1-4
packages/twenty-apps/public/call-recorder/src/logic-functions/utils/__tests__/get-recall-async-transcript-provider.test.ts
  s_62258254606868::t_c7b583a82c668e 1,3-4,6-8,11-12,15-17,21-23,25-26
packages/twenty-apps/public/call-recorder/src/logic-functions/utils/get-recall-async-transcript-provider.util.ts
  s_62258254606868::t_db0aa241c01b17 1-23
packages/twenty-apps/public/slack/SETUP.md
  s_62258254606868::t_6cb15f52820534 75
packages/twenty-apps/public/slack/package.json
  s_62258254606868::t_cdd57387fc2d2d 34-35
packages/twenty-apps/public/slack/src/connection-providers/slack-connection.ts
  s_62258254606868::t_d245f5ee0f4a2c 5-6,15-18
packages/twenty-apps/public/slack/src/constants/universal-identifiers.ts
  s_62258254606868::t_a1ed470b9a6657 58,61-66
packages/twenty-apps/public/slack/src/logic-functions/constants/slack-bot-user-id-kv-key.ts
  s_62258254606868::t_612ed073451f50 1
packages/twenty-apps/public/slack/src/logic-functions/constants/slack-bot-user-id-ttl-ms.ts
  s_62258254606868::t_57d8144c6baaaa 1
packages/twenty-apps/public/slack/src/logic-functions/handlers/slack-app-uninstall-handler.ts
  s_62258254606868::t_c305666b08d18b 1-3
packages/twenty-apps/public/slack/src/logic-functions/handlers/slack-register-connection-handler.ts
  s_62258254606868::t_6fce3baa097da0 1-2,4-7
packages/twenty-apps/public/slack/src/logic-functions/handlers/slack-team-release-handler.ts
  s_62258254606868::t_f64a2e72c9c380 1-7
packages/twenty-apps/public/slack/src/logic-functions/slack-app-uninstall.ts
  s_62258254606868::t_fe72add01ff618 1-13
packages/twenty-apps/public/slack/src/logic-functions/slack-register-connection.ts
  s_62258254606868::t_dc096c4ac3d55c 3-4,7-8,10,12
packages/twenty-apps/public/slack/src/logic-functions/slack-team-release.ts
  s_62258254606868::t_cc9c2abe3519ee 1-13
packages/twenty-apps/public/slack/src/logic-functions/types/release-slack-team-claim-result.type.ts
  s_62258254606868::t_d5a396bdcf2e40 1-3
packages/twenty-apps/public/slack/src/logic-functions/types/slack-bot-user-id-cache-entry.type.ts
  s_62258254606868::t_e18afef8a624d2 1-3
packages/twenty-apps/public/slack/src/logic-functions/types/slack-connection-hook-payload.type.ts
  s_62258254606868::t_92f318617731ec 1
packages/twenty-apps/public/slack/src/logic-functions/utils/__tests__/post-slack-channel-welcome.test.ts
  s_62258254606868::t_f0b486114d5089 1-132
packages/twenty-apps/public/slack/src/logic-functions/utils/__tests__/resolve-slack-bot-user-id-or-throw.test.ts
  s_62258254606868::t_8fa262fb131e14 1-127
packages/twenty-apps/public/slack/src/logic-functions/utils/cache-slack-bot-user-id.ts
  s_62258254606868::t_81395a77cb35ef 1-16
packages/twenty-apps/public/slack/src/logic-functions/utils/claim-slack-channel-welcome.ts
  s_62258254606868::t_08cb30e619709c 5,15
packages/twenty-apps/public/slack/src/logic-functions/utils/get-slack-connected-account-team-kv-key.ts
  s_62258254606868::t_4e07e0fe2c8f55 1-3
packages/twenty-apps/public/slack/src/logic-functions/utils/get-slack-connected-account-team.ts
  s_62258254606868::t_559cbd4eaffdf2 1-8
packages/twenty-apps/public/slack/src/logic-functions/utils/has-kv-entry-expired.ts
  s_62258254606868::t_09de51323bbb9a 1-4
packages/twenty-apps/public/slack/src/logic-functions/utils/is-slack-team-claimed-by-another-connection.ts
  s_62258254606868::t_3c19e41058f2ca 1-27
packages/twenty-apps/public/slack/src/logic-functions/utils/is-slack-thread-active.ts
  s_62258254606868::t_ccc5bdfbf93ec9 1,7,20,24
packages/twenty-apps/public/slack/src/logic-functions/utils/post-slack-channel-welcome.ts
  s_62258254606868::t_4e7dd781ce859d 11,26,28,38-47
packages/twenty-apps/public/slack/src/logic-functions/utils/register-slack-connection.ts
  s_62258254606868::t_214439da8d268a 5-6,9,13,18,20,23,29,35-39,42-43
packages/twenty-apps/public/slack/src/logic-functions/utils/release-all-slack-teams.ts
  s_62258254606868::t_a21dfc422132ce 1-31
packages/twenty-apps/public/slack/src/logic-functions/utils/release-slack-team-claim.ts
  s_62258254606868::t_57705292cd8f1e 1-24
packages/twenty-apps/public/slack/src/logic-functions/utils/release-slack-team-on-disconnect.ts
  s_62258254606868::t_9b0d01b275e409 1-34
packages/twenty-apps/public/slack/src/logic-functions/utils/resolve-slack-bot-user-id-or-throw.ts
  s_62258254606868::t_860fc466fd7996 1-48
packages/twenty-apps/public/slack/yarn.lock
  s_62258254606868::t_028d4e6b817348 993-994,3006-3008,3015,3019-3021,3040,3045
packages/twenty-client-sdk/package.json
  s_62258254606868::t_e9a817a2b33e11 3
packages/twenty-client-sdk/src/metadata/generated/schema.graphql
  s_62258254606868::t_564e4b0960fc8a 972,1063-1064,1094,1135-1136,1305-1312,1326,1991,2012-2013,2210,3506
packages/twenty-client-sdk/src/metadata/generated/schema.ts
  s_62258254606868::t_453eef045109cf 690,762,788,807,954-963,979,1628,1649-1650,1871,3017,4024-4025,4191-4202,4220,4896,4917-4918,5161,6408,7396,7484-7499,9487,9511-9512,9546-9547
packages/twenty-client-sdk/src/metadata/generated/types.ts
  s_62258254606868::t_10ab994717b7ef 47-48,50,52-55,57-64,66-68,75-80,84,87-93,107,110,113,574,577,613,703,706,719,1746,1749,1755,1758,1761,1770,1840,1852,2108,2111,2114,2117-2120,2123-2125,2127,2130,2133,2136,2139,2142,2145,2148,2151,2154,2511-2526,2551,2556-2558,2719,2725,2775,2800,2808,2811,2814,2825,2834,2860,2863,2869,2886,2903,2906,2923,2926,2957,2960,2963,2972,3004,3139,3172,3198,3207,3219,3234,3246,3257,3260,3303,3312,3315,3323,3352,3355,3358,3361,3388,3391,3441,3449,3527,3552,3555,3568,3605,3608,3617,3656,3671,3710,3718,3744,3778,3781,3806,3809,3812,3826-3828,3839,3845,3848,3851,3857,3889-3894,3911,4001,4053,4062,4081,4093,4096,4107,4116,4124,4136,4159,4165,4173,4176,4309,4312,4380,4391,4396-4398,4406,4512,4515,4534,4537,4556,4559,4567,4570,4578,4616,4655,4664,4667,4670,4726,4777,4780,4818,4832,4865,4909,4950,4980,4988,4991,4994,4997,5006,5137,5140,5155,5164,5170,5173,5182,5191,5194,5215,5230,5292,5309,5312,5325,5351,5397,5414,5425,5428,5431,5451,5673,5722,5730,5767,5872,5878,5942,5956,6011,6039,6072,6075,6113,6116,6158,6173,6176,6179,6185,6236,6254,6318,6321,6324,6332,6335,6378,6498,6504,6507,6510,6519,6530,6533,6536,6539,6542,6551,6560,6566,6571,6604,6610,6631,6638,6647,6659,6668,6701,6709,6718,6748,6757,6775,6809,6818,6827,6836,6854,6887,6890,6896,6899,6905,6908,6916,6919,6922,6934,6937,6946,6954,6962,6965,6972,6977,6980,6985,6988,6994,6997,7000,7009,7018,7027,7030,7033,7042,7051,7063,7081,7090,7093,7105,7108,7111,7117,7120,7126,7129,7135,7138,7144,7153,7172,7185,7188,7193,7196,7220,7223,7255,7274,7308,7311,7332,7399,7411,7420,7426,7429,7435,7438,7444,7447,7453,7456,7462,7471,7480,7491,7503,7515,7518,7527,7530,7536,7539,7545,7548,7554,7557,7563,7566,7572,7575,7585,7588,7601,7614,7641,7650,7659,7668,7677,7690,7717,7726,7735,7744,7753,7762,7771,7780,7789,7798,7807,7816,7825,7834,7843,7852,7861,7870,7879,7910-7913,7916,7942,7945,7949,7962,7965,7969,7986,7989,7992,7995,7998,8001,8010,8013,8025,8034,8046,8049,8058,8064,8067,8073,8076,8082,8089,8104,8107,8113,8120,8135,8142,8148,8166,8178,8191,8209,8218,8227,8236,8245,8254,8263,8272,8281,8290,8296,8299,8308,8317,8326,8353,8362,8380,8389,8398,8401,8417,8420,8429,8444,8456,8465,8483,8545,8566,8575,8584,8593,8602,8611,8620,8629,8638,8660,8669,8687,8696,8705,8711,8714,8742,8745,8751,8754,8760,8763,8769,8772,8778,8781,8796,8799,8805,8808,8814,8817,8823,8832,8835,8850,8859,8868,8871,8877,8880,8886,8889,8895,8904,8907,8913,8916,8922,8925,8931,8934,8947,8952,8955,8961,8964,8985,8991,9003,9014,9032,9045,9054,9081,9089,9092,9098,9101,9107,9116,9125,9134,9143,9156,9159,9165,9191,9213,9233,9249,9269,9291,9322,9325,9330,9337,9343,9346,9359,9368,9390,9407,9423,9438,9451,9464,9467,9476,9500,9518,9531,9534,9540,9543,9549,9552,9558,9561,9567,9587,9590,9605,9614,9627,9630,9633,9639,9642,9648,9657,9664,9673,9676,9682,9704,9713,9726,9738,9741,9749,9831,9863,9974,10145,10148,10151,10154,10157,10306,10344,10420,10484,10487,10507,10641,10655,10669,10675,10698,10721,10770,10796,10889,10949,11007,11018,11103,11263,11390,11444,11474,11547,11642,11727,11782,11824,11855,11858,11984,12001,12012,12020,12026,12029,12082,12090,12125,12153,12172,12183,12191,12197,12214,12397,12468,12490,12493,12496,12516,12535,12544,12547,12553,12562,12565
packages/twenty-docs/developers/extend/apps/getting-started/project-structure.mdx
  s_62258254606868::t_e3d5cfed02f0e6 79
packages/twenty-docs/developers/extend/apps/layout/page-layouts.mdx
  s_62258254606868::t_ec264dfdab7560 61-82
packages/twenty-docs/developers/extend/apps/logic/logic-functions.mdx
  s_62258254606868::t_e3aa556f5171d3 175-178
packages/twenty-docs/developers/extend/apps/operations/sync-and-recovery.mdx
  s_62258254606868::t_883a4680c1c211 124
packages/twenty-docs/developers/extend/apps/tutorials/document-generator/building-the-ui.mdx
  s_62258254606868::t_272bf387f1958b 296-298
packages/twenty-docs/l/ar/developers/extend/apps/getting-started/project-structure.mdx
  s_62258254606868::t_dbf9ac30822ae4 79
packages/twenty-docs/l/ar/developers/extend/apps/layout/page-layouts.mdx
  s_62258254606868::t_2611662efa1625 61-82
packages/twenty-docs/l/ar/developers/extend/apps/logic/logic-functions.mdx
  s_62258254606868::t_af165c43684637 174-177
packages/twenty-docs/l/ar/developers/extend/apps/operations/sync-and-recovery.mdx
  s_62258254606868::t_d8b4f2e2a28704 124
packages/twenty-docs/l/ar/developers/extend/apps/tutorials/document-generator/building-the-ui.mdx
  s_62258254606868::t_06d39df89fce2e 283-285
packages/twenty-docs/l/cs/developers/extend/apps/getting-started/project-structure.mdx
  s_62258254606868::t_355f9d8fc20046 79
packages/twenty-docs/l/cs/developers/extend/apps/layout/page-layouts.mdx
  s_62258254606868::t_4c2b92666a77f5 61-82
packages/twenty-docs/l/cs/developers/extend/apps/logic/logic-functions.mdx
  s_62258254606868::t_445cb0f5821f91 175-178
packages/twenty-docs/l/cs/developers/extend/apps/operations/sync-and-recovery.mdx
  s_62258254606868::t_903266a2d5706a 124
packages/twenty-docs/l/cs/developers/extend/apps/tutorials/document-generator/building-the-ui.mdx
  s_62258254606868::t_0bee65e089ca09 294-296
packages/twenty-docs/l/de/developers/extend/apps/getting-started/project-structure.mdx
  s_62258254606868::t_9b8f8fce6b55b0 79
packages/twenty-docs/l/de/developers/extend/apps/layout/page-layouts.mdx
  s_62258254606868::t_b6bf28abea9fa2 61-82
packages/twenty-docs/l/de/developers/extend/apps/logic/logic-functions.mdx
  s_62258254606868::t_b0b015ea8053ef 174-177
packages/twenty-docs/l/de/developers/extend/apps/operations/sync-and-recovery.mdx
  s_62258254606868::t_5d7d61e26b94ba 124
packages/twenty-docs/l/de/developers/extend/apps/tutorials/document-generator/building-the-ui.mdx
  s_62258254606868::t_3d314779aa68bd 293-295
packages/twenty-docs/l/es/developers/extend/apps/getting-started/project-structure.mdx
  s_62258254606868::t_c8e459e869b9eb 79
packages/twenty-docs/l/es/developers/extend/apps/layout/page-layouts.mdx
  s_62258254606868::t_89c4a183442e35 61-82
packages/twenty-docs/l/es/developers/extend/apps/logic/logic-functions.mdx
  s_62258254606868::t_71b7a88ec7d556 175-178
packages/twenty-docs/l/es/developers/extend/apps/operations/sync-and-recovery.mdx
  s_62258254606868::t_d6b2fc95cd2a5f 124
packages/twenty-docs/l/es/developers/extend/apps/tutorials/document-generator/building-the-ui.mdx
  s_62258254606868::t_01a790a99e5df1 293-295
packages/twenty-docs/l/fr/developers/extend/apps/getting-started/project-structure.mdx
  s_62258254606868::t_d65b89aa12db09 79
packages/twenty-docs/l/fr/developers/extend/apps/layout/page-layouts.mdx
  s_62258254606868::t_749f3da18f5f63 61-82
packages/twenty-docs/l/fr/developers/extend/apps/logic/logic-functions.mdx
  s_62258254606868::t_f78303a5bbb7ae 175-178
packages/twenty-docs/l/fr/developers/extend/apps/operations/sync-and-recovery.mdx
  s_62258254606868::t_d5eebb294f3da7 124
packages/twenty-docs/l/fr/developers/extend/apps/tutorials/document-generator/building-the-ui.mdx
  s_62258254606868::t_8d619affa0b4eb 291
packages/twenty-docs/l/it/developers/extend/apps/getting-started/project-structure.mdx
  s_62258254606868::t_d7953692be265a 79
packages/twenty-docs/l/it/developers/extend/apps/layout/page-layouts.mdx
  s_62258254606868::t_5825a573d15a8c 61-82
packages/twenty-docs/l/it/developers/extend/apps/logic/logic-functions.mdx
  s_62258254606868::t_b434d7eb2e404c 174-177
packages/twenty-docs/l/it/developers/extend/apps/operations/sync-and-recovery.mdx
  s_62258254606868::t_19a24e61427bd0 124
packages/twenty-docs/l/it/developers/extend/apps/tutorials/document-generator/building-the-ui.mdx
  s_62258254606868::t_3247f2dc9191b7 294
packages/twenty-docs/l/ja/developers/extend/apps/getting-started/project-structure.mdx
  s_62258254606868::t_848c7fd436751a 79
packages/twenty-docs/l/ja/developers/extend/apps/layout/page-layouts.mdx
  s_62258254606868::t_d6ba5c05a5da0d 61-82
packages/twenty-docs/l/ja/developers/extend/apps/logic/logic-functions.mdx
  s_62258254606868::t_abae7514692200 175-178
packages/twenty-docs/l/ja/developers/extend/apps/operations/sync-and-recovery.mdx
  s_62258254606868::t_d4930cfed2bbe6 124
packages/twenty-docs/l/ja/developers/extend/apps/tutorials/document-generator/building-the-ui.mdx
  s_62258254606868::t_313fe7812a2acd 283
packages/twenty-docs/l/ko/developers/extend/apps/getting-started/project-structure.mdx
  s_62258254606868::t_332ea4e7371ee3 79
packages/twenty-docs/l/ko/developers/extend/apps/layout/page-layouts.mdx
  s_62258254606868::t_caf49a0f9b7783 61-82
packages/twenty-docs/l/ko/developers/extend/apps/logic/logic-functions.mdx
  s_62258254606868::t_f73e8ac1579207 174-177
packages/twenty-docs/l/ko/developers/extend/apps/operations/sync-and-recovery.mdx
  s_62258254606868::t_843fe0876b633f 124
packages/twenty-docs/l/ko/developers/extend/apps/tutorials/document-generator/building-the-ui.mdx
  s_62258254606868::t_d681f8a369ffcf 265
packages/twenty-docs/l/ro/developers/extend/apps/getting-started/project-structure.mdx
  s_62258254606868::t_c5cb69ce898942 79
packages/twenty-docs/l/ro/developers/extend/apps/layout/page-layouts.mdx
  s_62258254606868::t_6a3d8b05fb88b1 61-82
packages/twenty-docs/l/ro/developers/extend/apps/logic/logic-functions.mdx
  s_62258254606868::t_1046b14db9228d 175-178
packages/twenty-docs/l/ro/developers/extend/apps/operations/sync-and-recovery.mdx
  s_62258254606868::t_df559ddd166c4e 124
packages/twenty-docs/l/ro/developers/extend/apps/tutorials/document-generator/building-the-ui.mdx
  s_62258254606868::t_f7ce5f439608b1 293-295
packages/twenty-docs/l/tr/developers/extend/apps/getting-started/project-structure.mdx
  s_62258254606868::t_b504c82877642a 79
packages/twenty-docs/l/tr/developers/extend/apps/layout/page-layouts.mdx
  s_62258254606868::t_e218ce5bb11247 61-82
packages/twenty-docs/l/tr/developers/extend/apps/logic/logic-functions.mdx
  s_62258254606868::t_a7c6dd87eddd33 175-178
packages/twenty-docs/l/tr/developers/extend/apps/operations/sync-and-recovery.mdx
  s_62258254606868::t_6db7c2601265de 124
packages/twenty-docs/l/tr/developers/extend/apps/tutorials/document-generator/building-the-ui.mdx
  s_62258254606868::t_c66adb9608f2b6 268-270
packages/twenty-emails/src/utils/email-renderer/renderers/render-mark.tsx
  s_62258254606868::t_4984916eec342f 4-5,8,22-25,29,41,46
packages/twenty-emails/src/utils/email-renderer/renderers/render-node.tsx
  s_62258254606868::t_ea92ea43ff48be 18-27,44,50-53,57
packages/twenty-front/.storybook/preview.tsx
  s_62258254606868::t_88514d51828c25 27-30
packages/twenty-front/jest.config.mjs
  s_62258254606868::t_9815ec2d2a3a4f 30-31
packages/twenty-front/src/generated-metadata/graphql.ts
  s_62258254606868::t_b77449c46bd6ad 859-868,975,978,996,1864,2627,4254,6508,6514-6515,6541-6542,6663,7393-7394,7397,7426-7427,7430,7471-7472,7475,7806-7810,7814,7848-7849,7852,7886-7887,7890,7924-7925,7928,7962-7963,7966,8001-8002,8005,8051-8052,8055,8087-8088,8091,9349-9351,9469,9513-9514,9519-9522,9525-9526
packages/twenty-front/src/hooks/__tests__/usePageChangeEffectNavigateLocation.test.ts
  s_62258254606868::t_1a7b07ca78353f 131,142,153,164,175,188,199,210,221,232,243,254,265,276,287,298,309,320,334,345,360,371,382,393,404
packages/twenty-front/src/hooks/usePageChangeEffectNavigateLocation.ts
  s_62258254606868::t_55e8479cc48fe2 167-173
packages/twenty-front/src/index.tsx
  s_62258254606868::t_4ac2bb3883540c 4
packages/twenty-front/src/locales/af-ZA.po
  s_62258254606868::t_3261ec11a88002 40,154-156,811,851,1051,1377,1784,1908-1910,2154,2798,2995,3000-3001,3042,3143,3158,3170,3179-3183,3195,3201,3288,3303,3308-3309,3344,3349,3451,3645,3948,4053,4101-4103,4123,4139,4149-4150,4155,4657,4881-4882,4889,5413,5483,6587,6592-6593,6735,6740,6795-6798,7220,7256-7258,7280-7282,7657,7663,7690-7693,8037-8039,8170,8490,8497,8712,8719,8908,9084,9422,9564,9650,9655,9660-9662,9684,9834-9835,9841,9846,10084-10085,10127,10941-10942,11073,11136,11147,11152,11185-11186,11481,11603,12288,12705,12927,12964,13031,13116,13121,13197,13493,14070-14071,14139-14140,14260,14972-14974,15043,15091,15507,15583,15673,15914-15915,16093,16456,16461-16462,16790,16849,16864,17386,17469,17687-17689,17726,17728-17729,17843,17849,18087-18091,18169-18170,18179-18180,18195,18467,18822,18827,18893,18903,18937,18947,18981-18982,18988,19270,19275,19641,19934,19975,20296,20735,20928-20929
packages/twenty-front/src/locales/ar-SA.po
  s_62258254606868::t_83c1b0a6bfe1e2 40,154-156,811,851,1051,1377,1784,1908-1910,2154,2798,2995,3000-3001,3042,3143,3158,3170,3179-3183,3195,3201,3288,3303,3308-3309,3344,3349,3451,3645,3948,4053,4101-4103,4123,4139,4149-4150,4155,4657,4881-4882,4889,5413,5483,6587,6592-6593,6735,6740,6795-6798,7220,7256-7258,7280-7282,7657,7663,7690-7693,8037-8039,8170,8490,8497,8712,8719,8908,9084,9422,9564,9650,9655,9660-9662,9684,9834-9835,9841,9846,10084-10085,10127,10941-10942,11073,11136,11147,11152,11185-11186,11481,11603,12288,12705,12927,12964,13031,13116,13121,13197,13493,14070-14071,14139-14140,14260,14972-14974,15043,15091,15507,15583,15673,15914-15915,16093,16456,16461-16462,16790,16849,16864,17386,17469,17687-17689,17726,17728-17729,17843,17849,18087-18091,18169-18170,18179-18180,18195,18467,18822,18827,18893,18903,18937,18947,18981-18982,18988,19270,19275,19641,19934,19975,20296,20735,20928-20929
packages/twenty-front/src/locales/ca-ES.po
  s_62258254606868::t_9452d4b2187554 40,154-156,811,851,1051,1377,1784,1908-1910,2154,2798,2995,3000-3001,3042,3143,3158,3170,3179-3183,3195,3201,3288,3303,3308-3309,3344,3349,3451,3645,3948,4053,4101-4103,4123,4139,4149-4150,4155,4657,4881-4882,4889,5413,5483,6587,6592-6593,6735,6740,6795-6798,7220,7256-7258,7280-7282,7657,7663,7690-7693,8037-8039,8170,8490,8497,8712,8719,8908,9084,9422,9564,9650,9655,9660-9662,9684,9834-9835,9841,9846,10084-10085,10127,10941-10942,11073,11136,11147,11152,11185-11186,11481,11603,12288,12705,12927,12964,13031,13116,13121,13197,13493,14070-14071,14139-14140,14260,14972-14974,15043,15091,15507,15583,15673,15914-15915,16093,16456,16461-16462,16790,16849,16864,17386,17469,17687-17689,17726,17728-17729,17843,17849,18087-18091,18169-18170,18179-18180,18195,18467,18822,18827,18893,18903,18937,18947,18981-18982,18988,19270,19275,19641,19934,19975,20296,20735,20928-20929
packages/twenty-front/src/locales/cs-CZ.po
  s_62258254606868::t_b00d50267bdaab 40,154-156,811,851,1051,1377,1784,1908-1910,2154,2798,2995,3000-3001,3042,3143,3158,3170,3179-3183,3195,3201,3288,3303,3308-3309,3344,3349,3451,3645,3948,4053,4101-4103,4123,4139,4149-4150,4155,4657,4881-4882,4889,5413,5483,6587,6592-6593,6735,6740,6795-6798,7220,7256-7258,7280-7282,7657,7663,7690-7693,8037-8039,8170,8490,8497,8712,8719,8908,9084,9422,9564,9650,9655,9660-9662,9684,9834-9835,9841,9846,10084-10085,10127,10941-10942,11073,11136,11147,11152,11185-11186,11481,11603,12288,12705,12927,12964,13031,13116,13121,13197,13493,14070-14071,14139-14140,14260,14972-14974,15043,15091,15507,15583,15673,15914-15915,16093,16456,16461-16462,16790,16849,16864,17386,17469,17687-17689,17726,17728-17729,17843,17849,18087-18091,18169-18170,18179-18180,18195,18467,18822,18827,18893,18903,18937,18947,18981-18982,18988,19270,19275,19641,19934,19975,20296,20735,20928-20929
packages/twenty-front/src/locales/da-DK.po
  s_62258254606868::t_358051913baa8e 40,154-156,811,851,1051,1377,1784,1908-1910,2154,2798,2995,3000-3001,3042,3143,3158,3170,3179-3183,3195,3201,3288,3303,3308-3309,3344,3349,3451,3645,3948,4053,4101-4103,4123,4139,4149-4150,4155,4657,4881-4882,4889,5413,5483,6587,6592-6593,6735,6740,6795-6798,7220,7256-7258,7280-7282,7657,7663,7690-7693,8037-8039,8170,8490,8497,8712,8719,8908,9084,9422,9564,9650,9655,9660-9662,9684,9834-9835,9841,9846,10084-10085,10127,10941-10942,11073,11136,11147,11152,11185-11186,11481,11603,12288,12705,12927,12964,13031,13116,13121,13197,13493,14070-14071,14139-14140,14260,14972-14974,15043,15091,15507,15583,15673,15914-15915,16093,16456,16461-16462,16790,16849,16864,17386,17469,17687-17689,17726,17728-17729,17843,17849,18087-18091,18169-18170,18179-18180,18195,18467,18824,18829,18895,18905,18939,18949,18983-18984,18990,19272,19277,19643,19936,19977,20298,20737,20930-20931
packages/twenty-front/src/locales/de-DE.po
  s_62258254606868::t_77ee4ecd1bfb0c 40,154-156,811,851,1051,1377,1784,1908-1910,2154,2798,2995,3000-3001,3042,3143,3158,3170,3179-3183,3195,3201,3288,3303,3308-3309,3344,3349,3451,3645,3948,4053,4101-4103,4123,4139,4149-4150,4155,4657,4881-4882,4889,5413,5483,6587,6592-6593,6735,6740,6795-6798,7220,7256-7258,7280-7282,7657,7663,7690-7693,8037-8039,8170,8490,8497,8712,8719,8908,9084,9422,9564,9650,9655,9660-9662,9684,9834-9835,9841,9846,10084-10085,10127,10941-10942,11073,11136,11147,11152,11185-11186,11481,11603,12288,12705,12927,12964,13031,13116,13121,13197,13493,14070-14071,14139-14140,14260,14972-14974,15043,15091,15507,15583,15673,15914-15915,16093,16456,16461-16462,16790,16849,16864,17386,17469,17687-17689,17726,17728-17729,17843,17849,18087-18091,18169-18170,18179-18180,18195,18467,18822,18827,18893,18903,18937,18947,18981-18982,18988,19270,19275,19641,19934,19975,20296,20735,20928-20929
packages/twenty-front/src/locales/el-GR.po
  s_62258254606868::t_b03c964ff30966 40,154-156,811,851,1051,1377,1784,1908-1910,2154,2798,2995,3000-3001,3042,3143,3158,3170,3179-3183,3195,3201,3288,3303,3308-3309,3344,3349,3451,3645,3948,4053,4101-4103,4123,4139,4149-4150,4155,4657,4881-4882,4889,5413,5483,6587,6592-6593,6735,6740,6795-6798,7220,7256-7258,7280-7282,7657,7663,7690-7693,8037-8039,8170,8490,8497,8712,8719,8908,9084,9422,9564,9650,9655,9660-9662,9684,9834-9835,9841,9846,10084-10085,10127,10941-10942,11073,11136,11147,11152,11185-11186,11481,11603,12288,12705,12927,12964,13031,13116,13121,13197,13493,14070-14071,14139-14140,14260,14972-14974,15043,15091,15507,15583,15673,15914-15915,16093,16456,16461-16462,16790,16849,16864,17388,17471,17689-17691,17728,17730-17731,17845,17851,18089-18093,18171-18172,18181-18182,18197,18469,18826,18831,18897,18907,18941,18951,18985-18986,18992,19274,19279,19645,19938,19979,20300,20741,20934-20935
packages/twenty-front/src/locales/en.po
  s_62258254606868::t_fdd5f9cb0a0b9c 35,149-151,806,846,1046,1372,1779,1903-1905,2149,2793,2990,2995-2996,3037,3138,3153,3165,3174-3178,3190,3196,3283,3298,3303-3304,3339,3344,3446,3640,3943,4048,4096-4098,4118,4134,4144-4145,4150,4652,4876-4877,4884,5408,5478,6582,6587-6588,6730,6735,6790-6793,7215,7251-7253,7275-7277,7652,7658,7685-7688,8032-8034,8165,8485,8492,8707,8714,8903,9079,9417,9559,9645,9650,9655-9657,9679,9829-9830,9836,9841,10079-10080,10122,10936-10937,11068,11131,11142,11147,11180-11181,11476,11598,12283,12700,12922,12959,13026,13111,13116,13192,13488,14065-14066,14134-14135,14255,14967-14970,15038,15086,15502,15578,15668,15909-15910,16088,16451,16456-16457,16785,16844,16859,17381,17464,17682-17685,17721,17723-17724,17838,17844,18082-18086,18164-18165,18174-18175,18190,18462,18819,18824,18890,18900,18934,18944,18978-18979,18985,19267,19272,19638,19931,19972,20293,20732,20925-20926
packages/twenty-front/src/locales/es-ES.po
  s_62258254606868::t_ab1cc08128f995 40,154-156,811,851,1051,1377,1784,1908-1910,2154,2798,2995,3000-3001,3042,3143,3158,3170,3179-3183,3195,3201,3288,3303,3308-3309,3344,3349,3451,3645,3948,4053,4101-4103,4123,4139,4149-4150,4155,4657,4881-4882,4889,5413,5483,6587,6592-6593,6735,6740,6795-6798,7220,7256-7258,7280-7282,7657,7663,7690-7693,8037-8039,8170,8490,8497,8712,8719,8908,9084,9422,9564,9650,9655,9660-9662,9684,9834-9835,9841,9846,10084-10085,10127,10941-10942,11073,11136,11147,11152,11185-11186,11481,11603,12288,12705,12927,12964,13031,13116,13121,13197,13493,14070-14071,14139-14140,14260,14972-14974,15043,15091,15507,15583,15673,15914-15915,16093,16456,16461-16462,16790,16849,16864,17386,17469,17687-17689,17726,17728-17729,17843,17849,18087-18091,18169-18170,18179-18180,18195,18467,18824,18829,18895,18905,18939,18949,18983-18984,18990,19272,19277,19643,19936,19977,20298,20737,20930-20931
packages/twenty-front/src/locales/fi-FI.po
  s_62258254606868::t_b03767665fbd95 40,154-156,811,851,1051,1377,1784,1908-1910,2154,2798,2995,3000-3001,3042,3143,3158,3170,3179-3183,3195,3201,3288,3303,3308-3309,3344,3349,3451,3645,3948,4053,4101-4103,4123,4139,4149-4150,4155,4657,4881-4882,4889,5413,5483,6587,6592-6593,6735,6740,6795-6798,7220,7256-7258,7280-7282,7657,7663,7690-7693,8037-8039,8170,8490,8497,8712,8719,8908,9084,9422,9564,9650,9655,9660-9662,9684,9834-9835,9841,9846,10084-10085,10127,10941-10942,11073,11136,11147,11152,11185-11186,11481,11603,12288,12705,12927,12964,13031,13116,13121,13197,13493,14070-14071,14139-14140,14260,14972-14974,15043,15091,15507,15583,15673,15914-15915,16093,16456,16461-16462,16790,16849,16864,17386,17469,17687-17689,17726,17728-17729,17843,17849,18087-18091,18169-18170,18179-18180,18195,18467,18822,18827,18893,18903,18937,18947,18981-18982,18988,19270,19275,19641,19934,19975,20296,20735,20928-20929
packages/twenty-front/src/locales/fr-FR.po
  s_62258254606868::t_a65ac2ec405ff9 40,154-156,811,851,1051,1377,1784,1908-1910,2154,2798,2995,3000-3001,3042,3143,3158,3170,3179-3183,3195,3201,3288,3303,3308-3309,3344,3349,3451,3645,3948,4053,4101-4103,4123,4139,4149-4150,4155,4657,4881-4882,4889,5413,5483,6587,6592-6593,6735,6740,6795-6798,7220,7256-7258,7280-7282,7657,7663,7690-7693,8037-8039,8170,8490,8497,8712,8719,8908,9084,9422,9564,9650,9655,9660-9662,9684,9834-9835,9841,9846,10084-10085,10127,10941-10942,11073,11136,11147,11152,11185-11186,11481,11603,12288,12705,12927,12964,13031,13116,13121,13197,13493,14070-14071,14139-14140,14260,14972-14974,15043,15091,15507,15583,15673,15914-15915,16093,16456,16461-16462,16790,16849,16864,17386,17469,17687-17689,17726,17728-17729,17843,17849,18087-18091,18169-18170,18179-18180,18195,18467,18824,18829,18895,18905,18939,18949,18983-18984,18990,19272,19277,19643,19936,19977,20298,20737,20930-20931
packages/twenty-front/src/locales/generated/af-ZA.ts
  s_62258254606868::t_929e5ad42a30b6 1
packages/twenty-front/src/locales/generated/ar-SA.ts
  s_62258254606868::t_8b0aadf4c2de7d 1
packages/twenty-front/src/locales/generated/ca-ES.ts
  s_62258254606868::t_49a895af0d1836 1
packages/twenty-front/src/locales/generated/cs-CZ.ts
  s_62258254606868::t_b3b4499d1721a5 1
packages/twenty-front/src/locales/generated/da-DK.ts
  s_62258254606868::t_938b3da44a54d9 1
packages/twenty-front/src/locales/generated/de-DE.ts
  s_62258254606868::t_a1b0fb5e881beb 1
packages/twenty-front/src/locales/generated/el-GR.ts
  s_62258254606868::t_cb73b8f274c126 1
packages/twenty-front/src/locales/generated/en.ts
  s_62258254606868::t_97e4d40367b76c 1
packages/twenty-front/src/locales/generated/es-ES.ts
  s_62258254606868::t_b4db8752554adc 1
packages/twenty-front/src/locales/generated/fi-FI.ts
  s_62258254606868::t_4b70e724cfdcc4 1
packages/twenty-front/src/locales/generated/fr-FR.ts
  s_62258254606868::t_6a5edf87beeefc 1
packages/twenty-front/src/locales/generated/he-IL.ts
  s_62258254606868::t_141ed2bfbf50e9 1
packages/twenty-front/src/locales/generated/hu-HU.ts
  s_62258254606868::t_30c42838759797 1
packages/twenty-front/src/locales/generated/it-IT.ts
  s_62258254606868::t_b59947da72857c 1
packages/twenty-front/src/locales/generated/ja-JP.ts
  s_62258254606868::t_b051d77eabd135 1
packages/twenty-front/src/locales/generated/ko-KR.ts
  s_62258254606868::t_56ad9540188ded 1
packages/twenty-front/src/locales/generated/nl-NL.ts
  s_62258254606868::t_c476e9d4f99c72 1
packages/twenty-front/src/locales/generated/no-NO.ts
  s_62258254606868::t_56f9cf240ba5b3 1
packages/twenty-front/src/locales/generated/pl-PL.ts
  s_62258254606868::t_5a58cee2f06b4a 1
packages/twenty-front/src/locales/generated/pseudo-en.ts
  s_62258254606868::t_bc5e2d8f13c8f4 1
packages/twenty-front/src/locales/generated/pt-BR.ts
  s_62258254606868::t_14b01e81760337 1
packages/twenty-front/src/locales/generated/pt-PT.ts
  s_62258254606868::t_d7605a827d88dc 1
packages/twenty-front/src/locales/generated/ro-RO.ts
  s_62258254606868::t_5dd851d5d44416 1
packages/twenty-front/src/locales/generated/ru-RU.ts
  s_62258254606868::t_a278c1e89835d8 1
packages/twenty-front/src/locales/generated/sr-Cyrl.ts
  s_62258254606868::t_d0966339fcac95 1
packages/twenty-front/src/locales/generated/sv-SE.ts
  s_62258254606868::t_afeb3a865ddaf7 1
packages/twenty-front/src/locales/generated/tr-TR.ts
  s_62258254606868::t_a8d85b1591e959 1
packages/twenty-front/src/locales/generated/uk-UA.ts
  s_62258254606868::t_683a3ac84d1a85 1
packages/twenty-front/src/locales/generated/vi-VN.ts
  s_62258254606868::t_34c329059bd362 1
packages/twenty-front/src/locales/generated/zh-CN.ts
  s_62258254606868::t_f6f8bc905f0432 1
packages/twenty-front/src/locales/generated/zh-TW.ts
  s_62258254606868::t_8902a20ff1da47 1
packages/twenty-front/src/locales/he-IL.po
  s_62258254606868::t_757b771961da74 40,154-156,811,851,1051,1377,1784,1908-1910,2154,2798,2995,3000-3001,3042,3143,3158,3170,3179-3183,3195,3201,3288,3303,3308-3309,3344,3349,3451,3645,3948,4053,4101-4103,4123,4139,4149-4150,4155,4657,4881-4882,4889,5413,5483,6587,6592-6593,6735,6740,6795-6798,7220,7256-7258,7280-7282,7657,7663,7690-7693,8037-8039,8170,8490,8497,8712,8719,8908,9084,9422,9564,9650,9655,9660-9662,9684,9834-9835,9841,9846,10084-10085,10127,10941-10942,11073,11136,11147,11152,11185-11186,11481,11603,12288,12705,12927,12964,13031,13116,13121,13197,13493,14070-14071,14139-14140,14260,14972-14974,15043,15091,15507,15583,15673,15914-15915,16093,16456,16461-16462,16790,16849,16864,17386,17469,17687-17689,17726,17728-17729,17843,17849,18087-18091,18169-18170,18179-18180,18195,18467,18822,18827,18893,18903,18937,18947,18981-18982,18988,19270,19275,19641,19934,19975,20296,20735,20928-20929
packages/twenty-front/src/locales/hu-HU.po
  s_62258254606868::t_0ed4845a447b9a 40,154-156,811,851,1051,1377,1784,1908-1910,2154,2798,2995,3000-3001,3042,3143,3158,3170,3179-3183,3195,3201,3288,3303,3308-3309,3344,3349,3451,3645,3948,4053,4101-4103,4123,4139,4149-4150,4155,4657,4881-4882,4889,5413,5483,6587,6592-6593,6735,6740,6795-6798,7220,7256-7258,7280-7282,7657,7663,7690-7693,8037-8039,8170,8490,8497,8712,8719,8908,9084,9422,9564,9650,9655,9660-9662,9684,9834-9835,9841,9846,10084-10085,10127,10941-10942,11073,11136,11147,11152,11185-11186,11481,11603,12288,12705,12927,12964,13031,13116,13121,13197,13493,14070-14071,14139-14140,14260,14972-14974,15043,15091,15507,15583,15673,15914-15915,16093,16456,16461-16462,16790,16849,16864,17386,17469,17687-17689,17726,17728-17729,17843,17849,18087-18091,18169-18170,18179-18180,18195,18467,18822,18827,18893,18903,18937,18947,18981-18982,18988,19270,19275,19641,19934,19975,20296,20735,20928-20929
packages/twenty-front/src/locales/it-IT.po
  s_62258254606868::t_091d369821aa8a 40,154-156,811,851,1051,1377,1784,1908-1910,2154,2798,2995,3000-3001,3042,3143,3158,3170,3179-3183,3195,3201,3288,3303,3308-3309,3344,3349,3451,3645,3948,4053,4101-4103,4123,4139,4149-4150,4155,4657,4881-4882,4889,5413,5483,6587,6592-6593,6735,6740,6795-6798,7220,7256-7258,7280-7282,7657,7663,7690-7693,8037-8039,8170,8490,8497,8712,8719,8908,9084,9422,9564,9650,9655,9660-9662,9684,9834-9835,9841,9846,10084-10085,10127,10941-10942,11073,11136,11147,11152,11185-11186,11481,11603,12288,12705,12927,12964,13031,13116,13121,13197,13493,14070-14071,14139-14140,14260,14972-14974,15043,15091,15507,15583,15673,15914-15915,16093,16456,16461-16462,16790,16849,16864,17386,17469,17687-17689,17726,17728-17729,17843,17849,18087-18091,18169-18170,18179-18180,18195,18467,18824,18829,18895,18905,18939,18949,18983-18984,18990,19272,19277,19643,19936,19977,20298,20737,20930-20931
packages/twenty-front/src/locales/ja-JP.po
  s_62258254606868::t_7b2ca58e13fa57 40,154-156,811,851,1051,1377,1784,1908-1910,2154,2798,2995,3000-3001,3042,3143,3158,3170,3179-3183,3195,3201,3288,3303,3308-3309,3344,3349,3451,3645,3948,4053,4101-4103,4123,4139,4149-4150,4155,4657,4881-4882,4889,5413,5483,6587,6592-6593,6735,6740,6795-6798,7220,7256-7258,7280-7282,7657,7663,7690-7693,8037-8039,8170,8490,8497,8712,8719,8908,9084,9422,9564,9650,9655,9660-9662,9684,9834-9835,9841,9846,10084-10085,10127,10941-10942,11073,11136,11147,11152,11185-11186,11481,11603,12288,12705,12927,12964,13031,13116,13121,13197,13493,14070-14071,14139-14140,14260,14972-14974,15043,15091,15507,15583,15673,15914-15915,16093,16456,16461-16462,16790,16849,16864,17386,17469,17687-17689,17726,17728-17729,17843,17849,18087-18091,18169-18170,18179-18180,18195,18467,18822,18827,18893,18903,18937,18947,18981-18982,18988,19270,19275,19641,19934,19975,20296,20735,20928-20929
packages/twenty-front/src/locales/ko-KR.po
  s_62258254606868::t_0968fb510abb85 40,154-156,811,851,1051,1377,1784,1908-1910,2154,2798,2995,3000-3001,3042,3143,3158,3170,3179-3183,3195,3201,3288,3303,3308-3309,3344,3349,3451,3645,3948,4053,4101-4103,4123,4139,4149-4150,4155,4657,4881-4882,4889,5413,5483,6587,6592-6593,6735,6740,6795-6798,7220,7256-7258,7280-7282,7657,7663,7690-7693,8037-8039,8170,8490,8497,8712,8719,8908,9084,9422,9564,9650,9655,9660-9662,9684,9834-9835,9841,9846,10084-10085,10127,10941-10942,11073,11136,11147,11152,11185-11186,11481,11603,12288,12705,12927,12964,13031,13116,13121,13197,13493,14070-14071,14139-14140,14260,14972-14974,15043,15091,15507,15583,15673,15914-15915,16093,16456,16461-16462,16790,16849,16864,17386,17469,17687-17689,17726,17728-17729,17843,17849,18087-18091,18169-18170,18179-18180,18195,18467,18822,18827,18893,18903,18937,18947,18981-18982,18988,19270,19275,19641,19934,19975,20296,20735,20928-20929
packages/twenty-front/src/locales/nl-NL.po
  s_62258254606868::t_0f02d78a898752 40,154-156,811,851,1051,1377,1784,1908-1910,2154,2798,2995,3000-3001,3042,3143,3158,3170,3179-3183,3195,3201,3288,3303,3308-3309,3344,3349,3451,3645,3948,4053,4101-4103,4123,4139,4149-4150,4155,4657,4881-4882,4889,5413,5483,6587,6592-6593,6735,6740,6795-6798,7220,7256-7258,7280-7282,7657,7663,7690-7693,8037-8039,8170,8490,8497,8712,8719,8908,9084,9422,9564,9650,9655,9660-9662,9684,9834-9835,9841,9846,10084-10085,10127,10941-10942,11073,11136,11147,11152,11185-11186,11481,11603,12288,12705,12927,12964,13031,13116,13121,13197,13493,14070-14071,14139-14140,14260,14972-14974,15043,15091,15507,15583,15673,15914-15915,16093,16456,16461-16462,16790,16849,16864,17386,17469,17687-17689,17726,17728-17729,17843,17849,18087-18091,18169-18170,18179-18180,18195,18467,18824,18829,18895,18905,18939,18949,18983-18984,18990,19272,19277,19643,19936,19977,20298,20737,20930-20931
packages/twenty-front/src/locales/no-NO.po
  s_62258254606868::t_c241bc11847a5c 40,154-156,811,851,1051,1377,1784,1908-1910,2154,2798,2995,3000-3001,3042,3143,3158,3170,3179-3183,3195,3201,3288,3303,3308-3309,3344,3349,3451,3645,3948,4053,4101-4103,4123,4139,4149-4150,4155,4657,4881-4882,4889,5413,5483,6587,6592-6593,6735,6740,6795-6798,7220,7256-7258,7280-7282,7657,7663,7690-7693,8037-8039,8170,8490,8497,8712,8719,8908,9084,9422,9564,9650,9655,9660-9662,9684,9834-9835,9841,9846,10084-10085,10127,10941-10942,11073,11136,11147,11152,11185-11186,11481,11603,12288,12705,12927,12964,13031,13116,13121,13197,13493,14070-14071,14139-14140,14260,14972-14974,15043,15091,15507,15583,15673,15914-15915,16093,16456,16461-16462,16790,16849,16864,17386,17469,17687-17689,17726,17728-17729,17843,17849,18087-18091,18169-18170,18179-18180,18195,18467,18822,18827,18893,18903,18937,18947,18981-18982,18988,19270,19275,19641,19934,19975,20296,20735,20928-20929
packages/twenty-front/src/locales/pl-PL.po
  s_62258254606868::t_217a2cbb175d5f 40,154-156,811,851,1051,1377,1784,1908-1910,2154,2798,2995,3000-3001,3042,3143,3158,3170,3179-3183,3195,3201,3288,3303,3308-3309,3344,3349,3451,3645,3948,4053,4101-4103,4123,4139,4149-4150,4155,4657,4881-4882,4889,5413,5483,6587,6592-6593,6735,6740,6795-6798,7220,7256-7258,7280-7282,7657,7663,7690-7693,8037-8039,8170,8490,8497,8712,8719,8908,9084,9422,9564,9650,9655,9660-9662,9684,9834-9835,9841,9846,10084-10085,10127,10941-10942,11073,11136,11147,11152,11185-11186,11481,11603,12288,12705,12927,12964,13031,13116,13121,13197,13493,14070-14071,14139-14140,14260,14972-14974,15043,15091,15507,15583,15673,15914-15915,16093,16456,16461-16462,16790,16849,16864,17386,17469,17687-17689,17726,17728-17729,17843,17849,18087-18091,18169-18170,18179-18180,18195,18467,18822,18827,18893,18903,18937,18947,18981-18982,18988,19270,19275,19641,19934,19975,20296,20735,20928-20929
packages/twenty-front/src/locales/pseudo-en.po
  s_62258254606868::t_a02d41cb2d9671 35,149-151,806,846,1046,1372,1779,1903-1905,2149,2793,2990,2995-2996,3037,3138,3153,3165,3174-3178,3190,3196,3283,3298,3303-3304,3339,3344,3446,3640,3943,4048,4096-4098,4118,4134,4144-4145,4150,4652,4876-4877,4884,5408,5478,6582,6587-6588,6730,6735,6790-6793,7215,7251-7253,7275-7277,7652,7658,7685-7688,8032-8034,8165,8485,8492,8707,8714,8903,9079,9417,9559,9622,9627,9632-9634,9656,9806-9807,9813,9818,10056-10057,10099,10913-10914,11045,11108,11119,11124,11157-11158,11453,11575,12260,12677,12899,12936,13003,13088,13093,13169,13465,14042-14043,14111-14112,14232,14944-14946,15015,15063,15479,15555,15645,15886-15887,16065,16428,16433-16434,16762,16821,16836,17358,17441,17659-17661,17698,17700,17815,17821,18059-18063,18141-18142,18151-18152,18167,18409,18764,18769,18835,18845,18879,18889,18923-18924,18930,19212,19217,19583,19876,19917,20238,20677,20870-20871
packages/twenty-front/src/locales/pt-BR.po
  s_62258254606868::t_ba0263d404cfe9 40,154-156,811,851,1051,1377,1784,1908-1910,2154,2798,2995,3000-3001,3042,3143,3158,3170,3179-3183,3195,3201,3288,3303,3308-3309,3344,3349,3451,3645,3948,4053,4101-4103,4123,4139,4149-4150,4155,4657,4881-4882,4889,5413,5483,6587,6592-6593,6735,6740,6795-6798,7220,7256-7258,7280-7282,7657,7663,7690-7693,8037-8039,8170,8490,8497,8712,8719,8908,9084,9422,9564,9650,9655,9660-9662,9684,9834-9835,9841,9846,10084-10085,10127,10941-10942,11073,11136,11147,11152,11185-11186,11481,11603,12288,12705,12927,12964,13031,13116,13121,13197,13493,14070-14071,14139-14140,14260,14972-14974,15043,15091,15507,15583,15673,15914-15915,16093,16456,16461-16462,16790,16849,16864,17386,17469,17687-17689,17726,17728-17729,17843,17849,18087-18091,18169-18170,18179-18180,18195,18467,18822,18827,18893,18903,18937,18947,18981-18982,18988,19270,19275,19641,19934,19975,20296,20735,20928-20929
packages/twenty-front/src/locales/pt-PT.po
  s_62258254606868::t_f1c8f440939c2a 40,154-156,811,851,1051,1377,1784,1908-1910,2154,2798,2995,3000-3001,3042,3143,3158,3170,3179-3183,3195,3201,3288,3303,3308-3309,3344,3349,3451,3645,3948,4053,4101-4103,4123,4139,4149-4150,4155,4657,4881-4882,4889,5413,5483,6587,6592-6593,6735,6740,6795-6798,7220,7256-7258,7280-7282,7657,7663,7690-7693,8037-8039,8170,8490,8497,8712,8719,8908,9084,9422,9564,9650,9655,9660-9662,9684,9834-9835,9841,9846,10084-10085,10127,10941-10942,11073,11136,11147,11152,11185-11186,11481,11603,12288,12705,12927,12964,13031,13116,13121,13197,13493,14070-14071,14139-14140,14260,14972-14974,15043,15091,15507,15583,15673,15914-15915,16093,16456,16461-16462,16790,16849,16864,17386,17469,17687-17689,17726,17728-17729,17843,17849,18087-18091,18169-18170,18179-18180,18195,18467,18822,18827,18893,18903,18937,18947,18981-18982,18988,19270,19275,19641,19934,19975,20296,20735,20928-20929
packages/twenty-front/src/locales/ro-RO.po
  s_62258254606868::t_a70c85363c5731 40,154-156,811,851,1051,1377,1784,1908-1910,2154,2798,2995,3000-3001,3042,3143,3158,3170,3179-3183,3195,3201,3288,3303,3308-3309,3344,3349,3451,3645,3948,4053,4101-4103,4123,4139,4149-4150,4155,4657,4881-4882,4889,5413,5483,6587,6592-6593,6735,6740,6795-6798,7220,7256-7258,7280-7282,7657,7663,7690-7693,8037-8039,8170,8490,8497,8712,8719,8908,9084,9422,9564,9650,9655,9660-9662,9684,9834-9835,9841,9846,10084-10085,10127,10941-10942,11073,11136,11147,11152,11185-11186,11481,11603,12288,12705,12927,12964,13031,13116,13121,13197,13493,14070-14071,14139-14140,14260,14972-14974,15043,15091,15507,15583,15673,15914-15915,16093,16456,16461-16462,16790,16849,16864,17386,17469,17687-17689,17726,17728-17729,17843,17849,18087-18091,18169-18170,18179-18180,18195,18467,18822,18827,18893,18903,18937,18947,18981-18982,18988,19270,19275,19641,19934,19975,20296,20735,20928-20929
packages/twenty-front/src/locales/sr-Cyrl.po
  s_62258254606868::t_eb590e3381e127 40,154-156,811,851,1051,1377,1784,1908-1910,2154,2798,2995,3000-3001,3042,3143,3158,3170,3179-3183,3195,3201,3288,3303,3308-3309,3344,3349,3451,3645,3948,4053,4101-4103,4123,4139,4149-4150,4155,4657,4881-4882,4889,5413,5483,6587,6592-6593,6735,6740,6795-6798,7220,7256-7258,7280-7282,7657,7663,7690-7693,8037-8039,8170,8490,8497,8712,8719,8908,9084,9422,9564,9650,9655,9660-9662,9684,9834-9835,9841,9846,10084-10085,10127,10941-10942,11073,11136,11147,11152,11185-11186,11481,11603,12288,12705,12927,12964,13031,13116,13121,13197,13493,14070-14071,14139-14140,14260,14972-14974,15043,15091,15507,15583,15673,15914-15915,16093,16456,16461-16462,16790,16849,16864,17386,17469,17687-17689,17726,17728-17729,17843,17849,18087-18091,18169-18170,18179-18180,18195,18467,18822,18827,18893,18903,18937,18947,18981-18982,18988,19270,19275,19641,19934,19975,20296,20735,20928-20929
packages/twenty-front/src/locales/sv-SE.po
  s_62258254606868::t_58371a7dd6517c 40,154-156,811,851,1051,1377,1784,1908-1910,2154,2798,2995,3000-3001,3042,3143,3158,3170,3179-3183,3195,3201,3288,3303,3308-3309,3344,3349,3451,3645,3948,4053,4101-4103,4123,4139,4149-4150,4155,4657,4881-4882,4889,5413,5483,6587,6592-6593,6735,6740,6795-6798,7220,7256-7258,7280-7282,7657,7663,7690-7693,8037-8039,8170,8490,8497,8712,8719,8908,9084,9422,9564,9650,9655,9660-9662,9684,9834-9835,9841,9846,10084-10085,10127,10941-10942,11073,11136,11147,11152,11185-11186,11481,11603,12290,12707,12929,12966,13033,13118,13123,13199,13495,14072-14073,14141-14142,14262,14974-14976,15045,15093,15509,15585,15675,15916-15917,16097,16460,16465-16466,16794,16853,16868,17390,17473,17691-17693,17730,17732-17733,17847,17853,18093-18097,18175-18176,18185-18186,18201,18473,18830,18835,18901,18911,18945,18955,18989-18990,18996,19278,19283,19649,19942,19983,20304,20743,20936-20937
packages/twenty-front/src/locales/tr-TR.po
  s_62258254606868::t_c64d74892ccf0f 40,154-156,811,851,1051,1377,1784,1908-1910,2154,2798,2995,3000-3001,3042,3143,3158,3170,3179-3183,3195,3201,3288,3303,3308-3309,3344,3349,3451,3645,3948,4053,4101-4103,4123,4139,4149-4150,4155,4657,4881-4882,4889,5413,5483,6587,6592-6593,6735,6740,6795-6798,7220,7256-7258,7280-7282,7657,7663,7690-7693,8037-8039,8170,8490,8497,8712,8719,8908,9084,9422,9564,9650,9655,9660-9662,9684,9834-9835,9841,9846,10084-10085,10127,10941-10942,11073,11136,11147,11152,11185-11186,11481,11603,12288,12705,12927,12964,13031,13116,13121,13197,13493,14070-14071,14139-14140,14260,14972-14974,15043,15091,15507,15583,15673,15914-15915,16093,16456,16461-16462,16790,16849,16864,17386,17469,17687-17689,17726,17728-17729,17843,17849,18087-18091,18169-18170,18179-18180,18195,18467,18822,18827,18893,18903,18937,18947,18981-18982,18988,19270,19275,19641,19934,19975,20296,20735,20928-20929
packages/twenty-front/src/locales/uk-UA.po
  s_62258254606868::t_d1fa707c03af59 40,154-156,811,851,1051,1377,1784,1908-1910,2154,2798,2995,3000-3001,3042,3143,3158,3170,3179-3183,3195,3201,3288,3303,3308-3309,3344,3349,3451,3645,3948,4053,4101-4103,4123,4139,4149-4150,4155,4657,4881-4882,4889,5413,5483,6587,6592-6593,6735,6740,6795-6798,7220,7256-7258,7280-7282,7657,7663,7690-7693,8037-8039,8170,8490,8497,8712,8719,8908,9084,9422,9564,9650,9655,9660-9662,9684,9834-9835,9841,9846,10084-10085,10127,10941-10942,11073,11136,11147,11152,11185-11186,11481,11603,12288,12705,12927,12964,13031,13116,13121,13197,13493,14070-14071,14139-14140,14260,14972-14974,15043,15091,15507,15583,15673,15914-15915,16093,16456,16461-16462,16790,16849,16864,17386,17469,17687-17689,17726,17728-17729,17843,17849,18087-18091,18169-18170,18179-18180,18195,18467,18824,18829,18895,18905,18939,18949,18983-18984,18990,19272,19277,19643,19936,19977,20298,20737,20930-20931
packages/twenty-front/src/locales/vi-VN.po
  s_62258254606868::t_1d1cebdb5c894e 40,154-156,811,851,1051,1377,1784,1908-1910,2154,2798,2995,3000-3001,3042,3143,3158,3170,3179-3183,3195,3201,3288,3303,3308-3309,3344,3349,3451,3645,3948,4053,4101-4103,4123,4139,4149-4150,4155,4657,4881-4882,4889,5413,5483,6587,6592-6593,6735,6740,6795-6798,7220,7256-7258,7280-7282,7657,7663,7690-7693,8037-8039,8170,8490,8497,8712,8719,8908,9084,9422,9564,9650,9655,9660-9662,9684,9834-9835,9841,9846,10084-10085,10127,10941-10942,11073,11136,11147,11152,11185-11186,11481,11603,12288,12705,12927,12964,13031,13116,13121,13197,13493,14070-14071,14139-14140,14260,14972-14974,15043,15091,15507,15583,15673,15914-15915,16093,16456,16461-16462,16790,16849,16864,17386,17469,17687-17689,17726,17728-17729,17843,17849,18087-18091,18169-18170,18179-18180,18195,18467,18822,18827,18893,18903,18937,18947,18981-18982,18988,19270,19275,19641,19934,19975,20296,20735,20928-20929
packages/twenty-front/src/locales/zh-CN.po
  s_62258254606868::t_50ccb2d18d005b 40,154-156,811,851,1051,1377,1784,1908-1910,2154,2798,2995,3000-3001,3042,3143,3158,3170,3179-3183,3195,3201,3288,3303,3308-3309,3344,3349,3451,3645,3948,4053,4101-4103,4123,4139,4149-4150,4155,4657,4881-4882,4889,5413,5483,6587,6592-6593,6735,6740,6795-6798,7220,7256-7258,7280-7282,7657,7663,7690-7693,8037-8039,8170,8490,8497,8712,8719,8908,9084,9422,9564,9627,9632,9637-9639,9661,9811-9812,9818,9823,10061-10062,10104,10918-10919,11050,11113,11124,11129,11162-11163,11458,11580,12265,12682,12904,12941,13008,13093,13098,13174,13470,14047-14048,14116-14117,14237,14949-14951,15020,15068,15484,15560,15650,15891-15892,16070,16433,16438-16439,16767,16826,16841,17363,17446,17664-17666,17703,17705-17706,17820,17826,18064-18068,18146-18147,18156-18157,18172,18414,18769,18774,18840,18850,18884,18894,18928-18929,18935,19217,19222,19588,19881,19922,20243,20682,20875-20876
packages/twenty-front/src/locales/zh-TW.po
  s_62258254606868::t_1cb13852c1bcf0 40,154-156,811,851,1051,1377,1784,1908-1910,2154,2798,2995,3000-3001,3042,3143,3158,3170,3179-3183,3195,3201,3288,3303,3308-3309,3344,3349,3451,3645,3948,4053,4101-4103,4123,4139,4149-4150,4155,4657,4881-4882,4889,5413,5483,6587,6592-6593,6735,6740,6795-6798,7220,7256-7258,7280-7282,7657,7663,7690-7693,8037-8039,8170,8490,8497,8712,8719,8908,9084,9422,9564,9627,9632,9637-9639,9661,9811-9812,9818,9823,10061-10062,10104,10918-10919,11050,11113,11124,11129,11162-11163,11458,11580,12265,12682,12904,12941,13008,13093,13098,13174,13470,14047-14048,14116-14117,14237,14949-14951,15020,15068,15484,15560,15650,15891-15892,16070,16433,16438-16439,16767,16826,16841,17363,17446,17664-17666,17703,17705-17706,17820,17826,18064-18068,18146-18147,18156-18157,18172,18414,18769,18774,18840,18850,18884,18894,18928-18929,18935,19217,19222,19588,19881,19922,20243,20682,20875-20876
packages/twenty-front/src/modules/activities/emails/components/CampaignBodyField.tsx
  s_62258254606868::t_394b30810be47a 9-12,14-15,31-33,51,55-56,61
packages/twenty-front/src/modules/activities/emails/components/CampaignDetailsFields.tsx
  s_62258254606868::t_3ac58fa54800bb 112,128
packages/twenty-front/src/modules/activities/emails/components/CampaignSentPreview.tsx
  s_62258254606868::t_949cefe4488a05 5-7,26-27
packages/twenty-front/src/modules/activities/emails/components/EmailComposerFields.tsx
  s_62258254606868::t_e588f2c7ecb619 9-11,60,144-145
packages/twenty-front/src/modules/activities/emails/editor/components/EmailEditorCanvas.tsx
  s_62258254606868::t_33111a8f3c80f5 1-76
packages/twenty-front/src/modules/activities/emails/editor/constants/CampaignBodyEditorProfile.ts
  s_62258254606868::t_6f7d9fe8b603a7 1-17
packages/twenty-front/src/modules/activities/emails/editor/constants/InlineEmailBodyEditorProfile.ts
  s_62258254606868::t_d49fdf67bc4021 1-11
packages/twenty-front/src/modules/activities/emails/editor/extensions/EmailThemedDocument.ts
  s_62258254606868::t_e5a13dd470e2c8 7
packages/twenty-front/src/modules/activities/emails/editor/extensions/campaign-variables/CampaignVariableChip.tsx
  s_62258254606868::t_051c5365ff8272 1-2,4,6-10,13,15
packages/twenty-front/src/modules/activities/emails/editor/extensions/campaign-variables/CampaignVariableTag.ts
  s_62258254606868::t_3aaf184c360513 3-4
packages/twenty-front/src/modules/activities/emails/hooks/__tests__/usePersistedCampaignDraft.test.tsx
  s_62258254606868::t_1305eed16b6d5e 1-121
packages/twenty-front/src/modules/activities/emails/hooks/useCampaignBodyState.ts
  s_62258254606868::t_039d7f29d4d829 9-14,20
packages/twenty-front/src/modules/activities/emails/hooks/useCampaignDetailsState.ts
  s_62258254606868::t_3b4025d6d6766b 16,39
packages/twenty-front/src/modules/activities/emails/hooks/usePersistedCampaignDraft.ts
  s_62258254606868::t_1ba409ba8979d7 6,25-44
packages/twenty-front/src/modules/activities/emails/recipients/components/EmailRecipientsFieldChip.tsx
  s_62258254606868::t_8ed1157dda660b 10
packages/twenty-front/src/modules/activities/emails/recipients/components/EmailRecipientsFieldInput.tsx
  s_62258254606868::t_c433c462c3da6b 32-33
packages/twenty-front/src/modules/advanced-text-editor/components/AdvancedTextEditor.tsx
  s_62258254606868::t_bd75149b2ed6fa 4,6,8,98,117,147-148,160
packages/twenty-front/src/modules/advanced-text-editor/components/AdvancedTextEditorInsertRail.tsx
  s_62258254606868::t_2b1711b03a7e0f 22,24,84,90,94-95,200-207,289,291
packages/twenty-front/src/modules/advanced-text-editor/components/FormAdvancedTextFieldInput.tsx
  s_62258254606868::t_6652bfbc10ef46 3-4,6-7,10,19,31-32,34-35,38,103-104,122-123,129,131-132,145,150,221,245
packages/twenty-front/src/modules/advanced-text-editor/components/__stories__/AdvancedTextEditor.stories.tsx
  s_62258254606868::t_8b9d861eec7eaa 3-4,7,16-29,36,43,46-49,110,166,205,241,275,307,309,332
packages/twenty-front/src/modules/advanced-text-editor/components/__stories__/FormAdvancedTextFieldInput.stories.tsx
  s_62258254606868::t_e611f0696a2364 1-3,7,17-31,38,43,89,224,255
packages/twenty-front/src/modules/advanced-text-editor/constants/AdvancedTextEditorBlockCatalog.ts
  s_62258254606868::t_bff6022ad764e4 1-274
packages/twenty-front/src/modules/advanced-text-editor/constants/AdvancedTextEditorBlockContent.ts
  s_62258254606868::t_37f03ba66e1612 1,4-13
packages/twenty-front/src/modules/advanced-text-editor/constants/AdvancedTextEditorBlockExtensions.ts
  s_62258254606868::t_56cf9d38096b9f 1-7
packages/twenty-front/src/modules/advanced-text-editor/constants/AdvancedTextEditorBlockInsertionRecipes.ts
  s_62258254606868::t_945c33a6b08667 1-8
packages/twenty-front/src/modules/advanced-text-editor/constants/AdvancedTextEditorBlockSlashCommands.ts
  s_62258254606868::t_7ac4b4bca33484 1-26
packages/twenty-front/src/modules/advanced-text-editor/constants/__tests__/AdvancedTextEditorBlockCatalog.test.ts
  s_62258254606868::t_e6e3fbec61b4a8 1-55
packages/twenty-front/src/modules/advanced-text-editor/constants/getAdvancedTextEditorContainerAppearanceSettings.ts
  s_62258254606868::t_68d93de1633508 1-40
packages/twenty-front/src/modules/advanced-text-editor/constants/getAdvancedTextEditorTypographySettings.ts
  s_62258254606868::t_4b941a711cb84e 1,4-5,39-40
packages/twenty-front/src/modules/advanced-text-editor/extensions/slash-command/DefaultSlashCommands.ts
  s_62258254606868::t_dd2123c110225b 1-2,13,22-23,58-60,84-89
packages/twenty-front/src/modules/advanced-text-editor/extensions/slash-command/SlashCommand.ts
  s_62258254606868::t_795c1e6f28d8b8 6,11
packages/twenty-front/src/modules/advanced-text-editor/extensions/slash-command/types/SlashCommandConfig.ts
  s_62258254606868::t_31d0f31655134b 1-14
packages/twenty-front/src/modules/advanced-text-editor/extensions/variable-tag/VariableChip.tsx
  s_62258254606868::t_c45d25612b826a 1,3-4,7-9,12-14,17-30
packages/twenty-front/src/modules/advanced-text-editor/extensions/variable-tag/VariableTag.ts
  s_62258254606868::t_132b581cfc3f28 1,20-23
packages/twenty-front/src/modules/advanced-text-editor/extensions/variable-tag/VariableTagChip.tsx
  s_62258254606868::t_abe29f25196858 1-27
packages/twenty-front/src/modules/advanced-text-editor/hooks/useAdvancedTextEditor.ts
  s_62258254606868::t_f6639832bd9ba4 1,4,11,26,43,51,63-66
packages/twenty-front/src/modules/advanced-text-editor/types/AdvancedTextEditorBlockCatalog.ts
  s_62258254606868::t_4db63959dd85bf 1-63
packages/twenty-front/src/modules/advanced-text-editor/types/AdvancedTextEditorComponentProps.ts
  s_62258254606868::t_0fcd35713c5d19 3-4,6
packages/twenty-front/src/modules/advanced-text-editor/types/AdvancedTextEditorExtensionContext.ts
  s_62258254606868::t_44f492a0d65ec8 1-6
packages/twenty-front/src/modules/advanced-text-editor/types/AdvancedTextEditorLegacyDocumentParser.ts
  s_62258254606868::t_42411dd790c7b8 1-5
packages/twenty-front/src/modules/advanced-text-editor/types/AdvancedTextEditorProfile.ts
  s_62258254606868::t_573c3aebaa0413 1-3,5,7,11-15
packages/twenty-front/src/modules/advanced-text-editor/utils/__tests__/advancedTextEditorDocument.test.ts
  s_62258254606868::t_ada384e3b48232 1-137
packages/twenty-front/src/modules/advanced-text-editor/utils/__tests__/buildAdvancedTextEditorExtensions.test.ts
  s_62258254606868::t_40c41a8fd493f6 1-2,4-5,14,33,35-40,63-64,66,74-75,80-82,97-99,112-121
packages/twenty-front/src/modules/advanced-text-editor/utils/__tests__/getInitialEditorContent.test.ts
  s_62258254606868::t_eb98dab3b920ff 1
packages/twenty-front/src/modules/advanced-text-editor/utils/__tests__/sanitizeHtmlPreview.test.ts
  s_62258254606868::t_d6df87b8893044 56-68
packages/twenty-front/src/modules/advanced-text-editor/utils/buildAdvancedTextEditorExtensions.ts
  s_62258254606868::t_8d2a0a547c6eea 2-3,7,12,18-19,22,24,27-29
packages/twenty-front/src/modules/advanced-text-editor/utils/buildFullRichTextExtensions.ts
  s_62258254606868::t_6820c20869373f 4-5,15,17-28,30-32
packages/twenty-front/src/modules/advanced-text-editor/utils/deserializeAdvancedTextEditorDocument.ts
  s_62258254606868::t_65dbd4e2552233 1-26
packages/twenty-front/src/modules/advanced-text-editor/utils/getBlockSelectionTarget.ts
  s_62258254606868::t_df8c2c5428788b 1-4,9,21,33
packages/twenty-front/src/modules/advanced-text-editor/utils/getInitialEditorContent.ts
  s_62258254606868::t_3a8017b351ff1d 3
packages/twenty-front/src/modules/advanced-text-editor/utils/parseLegacyHtmlDocument.ts
  s_62258254606868::t_b21097697b38a3 1-4
packages/twenty-front/src/modules/advanced-text-editor/utils/parseLegacyHtmlOrPlainTextDocument.ts
  s_62258254606868::t_4664d7460af13d 1-52
packages/twenty-front/src/modules/advanced-text-editor/utils/parseLegacyMarkdownDocument.ts
  s_62258254606868::t_a4da6762807fb8 1-6
packages/twenty-front/src/modules/advanced-text-editor/utils/parseLegacyPlainTextDocument.ts
  s_62258254606868::t_a53b75b70869ea 1-18
packages/twenty-front/src/modules/advanced-text-editor/utils/sanitizeHtmlPreview.ts
  s_62258254606868::t_3e3c693fc515b4 2
packages/twenty-front/src/modules/advanced-text-editor/utils/serializeAdvancedTextEditorDocument.ts
  s_62258254606868::t_667b47e7cc7180 1-14
packages/twenty-front/src/modules/advanced-text-editor/utils/serializePlainTextAsAdvancedTextEditorDocument.ts
  s_62258254606868::t_bae48c118971da 1-10
packages/twenty-front/src/modules/ai/components/AgentChatPrepromptEffect.tsx
  s_62258254606868::t_9c696c1eb981cd 4,31
packages/twenty-front/src/modules/ai/components/AgentChatThreadInitializationEffect.tsx
  s_62258254606868::t_411c5bb4f899aa 3-7,112,143-147
packages/twenty-front/src/modules/ai/components/AiChatNonLastMessageIdsList.tsx
  s_62258254606868::t_8550f4712fb88a 4-15,23-25
packages/twenty-front/src/modules/ai/components/LazyMarkdownRenderer.tsx
  s_62258254606868::t_72c2bcff61592f 10-11,20,52-57,66-75,158-159,162-164,170-173,175-180
packages/twenty-front/src/modules/ai/components/TextWithChatReferences.tsx
  s_62258254606868::t_82af3f063cc7c8 2,11-21
packages/twenty-front/src/modules/ai/components/ViewLink.tsx
  s_62258254606868::t_2c01558f505fb3 2,6,20-21,25
packages/twenty-front/src/modules/ai/components/__tests__/TextWithChatReferences.test.tsx
  s_62258254606868::t_daf04dfa0f2f21 73,80,85,96,98,103,105,109-119,122
packages/twenty-front/src/modules/ai/constants/AiChatEditorProfile.ts
  s_62258254606868::t_c2d5f9692be975 1-10
packages/twenty-front/src/modules/ai/constants/AiInstructionsEditorProfile.ts
  s_62258254606868::t_7fd5a4ee5c0c3f 1-11
packages/twenty-front/src/modules/ai/constants/ChatReferenceFieldPattern.ts
  s_62258254606868::t_41a073a197420d 1-4
packages/twenty-front/src/modules/ai/constants/ChatReferenceLabelPattern.ts
  s_62258254606868::t_66824d05887825 1-2
packages/twenty-front/src/modules/ai/constants/ChatReferenceObjectPattern.ts
  s_62258254606868::t_0043984191f778 1-4
packages/twenty-front/src/modules/ai/constants/ChatReferenceRecordPattern.ts
  s_62258254606868::t_043ce0715a1f2c 1,5
packages/twenty-front/src/modules/ai/constants/ChatReferenceRegex.ts
  s_62258254606868::t_147d88b7886969 1-16
packages/twenty-front/src/modules/ai/constants/ChatReferenceViewPattern.ts
  s_62258254606868::t_283708dade8278 1-4
packages/twenty-front/src/modules/ai/constants/EmptyMarkdownBlockSplitCache.ts
  s_62258254606868::t_791e7d94423603 1-8
packages/twenty-front/src/modules/ai/hooks/__tests__/useAgentChatModelId.test.tsx
  s_62258254606868::t_f8c497fb15b0d8 90-98
packages/twenty-front/src/modules/ai/hooks/useAgentChat.ts
  s_62258254606868::t_95a668fac77ac9 7-11,68-72,214,237
packages/twenty-front/src/modules/ai/hooks/useAgentChatModelId.ts
  s_62258254606868::t_8b613d5808e01f 1,19
packages/twenty-front/src/modules/ai/hooks/useAiChatEditor.ts
  s_62258254606868::t_38e2b9b7700f15 6-8,43,46,71-73,75-78,116-120
packages/twenty-front/src/modules/ai/hooks/useCreateAgentChatThread.ts
  s_62258254606868::t_1323bfbe4554d8 18,79
packages/twenty-front/src/modules/ai/hooks/useDeleteChatThread.ts
  s_62258254606868::t_c1389208a9ceed 17,52-54,58-60
packages/twenty-front/src/modules/ai/hooks/useEnsureAgentChatThreadExistsForDraft.ts
  s_62258254606868::t_490525f7fa5b0f 13,36
packages/twenty-front/src/modules/ai/hooks/useOpenAskAiPageWithPreprompt.ts
  s_62258254606868::t_a71d45e965712e 4,52-53
packages/twenty-front/src/modules/ai/hooks/useSwitchAgentChatThreadWithDraft.ts
  s_62258254606868::t_585fb9880d2edd 7,24
packages/twenty-front/src/modules/ai/states/agentChatDraftsByThreadIdState.ts
  s_62258254606868::t_d4a6358a92d84e 1,15
packages/twenty-front/src/modules/ai/types/MarkdownBlockSplitCache.ts
  s_62258254606868::t_d5f6092c5ed4d8 1-6
packages/twenty-front/src/modules/ai/utils/__tests__/findChatReferences.test.ts
  s_62258254606868::t_497cca27b8cd17 8,26,29,34,42-43,53,57,68,73,84,90,101,107,119,125,133-134,143,162,168-185,191-277
packages/twenty-front/src/modules/ai/utils/__tests__/formatRecordReference.test.ts
  s_62258254606868::t_dcd44e46f52896 4,9,11
packages/twenty-front/src/modules/ai/utils/__tests__/getMarkdownBlocksIncrementally.test.ts
  s_62258254606868::t_ea3391b5aca83d 1-109
packages/twenty-front/src/modules/ai/utils/__tests__/isAgentChatDraftsByThreadId.test.ts
  s_62258254606868::t_15c92cab9103e6 1-23
packages/twenty-front/src/modules/ai/utils/__tests__/protectChatReferencesForMarkdown.test.ts
  s_62258254606868::t_3c43c005b61576 10,16,20,23,26,30,33,36,43,46,53,55,61,64,71-79,82,86-103,107,110
packages/twenty-front/src/modules/ai/utils/findChatReferences.ts
  s_62258254606868::t_fefa1e2ac2198f 1,3,6-7,10-12
packages/twenty-front/src/modules/ai/utils/formatChatReference.ts
  s_62258254606868::t_c93d25ea94fb25 3,7-13
packages/twenty-front/src/modules/ai/utils/formatRecordReference.ts
  s_62258254606868::t_a03955a825db8b 1
packages/twenty-front/src/modules/ai/utils/getChatReferenceMatchFromRegexMatch.ts
  s_62258254606868::t_68770666f7c6b9 1,4,6,9,11,13,16,19,22-27,31-36,40-45,50-53
packages/twenty-front/src/modules/ai/utils/getChatReferenceSegments.ts
  s_62258254606868::t_2bbdc108009513 1-25
packages/twenty-front/src/modules/ai/utils/getMarkdownBlocksIncrementally.ts
  s_62258254606868::t_19994f4864276e 1-2,4-8,10-13,15-16,18-25,27-30,32-33,36-38,40-41,43-48,50-72
packages/twenty-front/src/modules/ai/utils/isAgentChatDraftsByThreadId.ts
  s_62258254606868::t_3f135042880084 1-15
packages/twenty-front/src/modules/ai/utils/protectChatReferencesForMarkdown.ts
  s_62258254606868::t_ae4c21b5dde590 3,6,8,12-21
packages/twenty-front/src/modules/apollo/optimistic-effect/group-by/utils/__tests__/processGroupByConnectionWithRecords.test.ts
  s_62258254606868::t_e80c43dc5a587e 58,84,116
packages/twenty-front/src/modules/apollo/optimistic-effect/group-by/utils/__tests__/triggerUpdateGroupByQueriesOptimisticEffect.test.ts
  s_62258254606868::t_2ad1cf01ce8f64 29,52,70,88
packages/twenty-front/src/modules/apollo/optimistic-effect/group-by/utils/processGroupByConnectionWithRecords.ts
  s_62258254606868::t_42336b10fce91a 30,45,67
packages/twenty-front/src/modules/apollo/optimistic-effect/group-by/utils/triggerUpdateGroupByQueriesOptimisticEffect.ts
  s_62258254606868::t_c1957fcb66ff81 20,29,91,128
packages/twenty-front/src/modules/apollo/optimistic-effect/utils/triggerCreateRecordsOptimisticEffect.ts
  s_62258254606868::t_77842acb16f96f 138,204
packages/twenty-front/src/modules/apollo/optimistic-effect/utils/triggerDestroyRecordsOptimisticEffect.ts
  s_62258254606868::t_e96d23b2864084 66,133
packages/twenty-front/src/modules/apollo/optimistic-effect/utils/triggerUpdateRecordOptimisticEffect.ts
  s_62258254606868::t_4c3a66d0d1c89b 82,89,165
packages/twenty-front/src/modules/apollo/optimistic-effect/utils/triggerUpdateRecordOptimisticEffectByBatch.ts
  s_62258254606868::t_0debbfbd04132e 87,149
packages/twenty-front/src/modules/app/hooks/useCreateWorkspaceAppRouter.tsx
  s_62258254606868::t_591d40e7671832 102,132,308-315
packages/twenty-front/src/modules/app/utils/setupMonacoEnvironment.ts
  s_62258254606868::t_bbef74e9213120 3-4,6,9-17,23-33
packages/twenty-front/src/modules/auth/sign-in-up/hooks/useWorkspaceSubdomainField.ts
  s_62258254606868::t_173e2a74f37a7e 1,3,30-34
packages/twenty-front/src/modules/client-config/hooks/useClientConfig.ts
  s_62258254606868::t_b8ef2a956bfc83 10-11,114-121,211,229-234,280-281
packages/twenty-front/src/modules/client-config/states/isBookCallOnboardingStepEnabledState.ts
  s_62258254606868::t_f5c0ab429046ad 1-6
packages/twenty-front/src/modules/client-config/states/isCompanyEnrichmentEnabledState.ts
  s_62258254606868::t_463b976ba086f9 1,3-6
packages/twenty-front/src/modules/client-config/types/ClientConfig.ts
  s_62258254606868::t_98cbd603b62a9f 23-24,28
packages/twenty-front/src/modules/command-menu-item/record/single-record/utils/exportBlockNoteEditorToPdf.ts
  s_62258254606868::t_35687dcb439845 6
packages/twenty-front/src/modules/domain-manager/states/domainConfigurationState.ts
  s_62258254606868::t_90212c3d7e6c91 3,8-11,19
packages/twenty-front/src/modules/mention/extensions/__tests__/MentionSuggestion.test.ts
  s_62258254606868::t_f417906186baa6 85
packages/twenty-front/src/modules/mention/extensions/__tests__/MentionTag.test.ts
  s_62258254606868::t_c813bf672f8ba1 70,96,133,159
packages/twenty-front/src/modules/object-metadata/states/fieldMetadataItemByIdSelector.ts
  s_62258254606868::t_494e076c91dde7 1-2,4,11-12,15-18,22-24,26,35-37
packages/twenty-front/src/modules/object-metadata/states/objectMetadataItemFamilySelector.ts
  s_62258254606868::t_3707f3556947cb 1-2,21-22,26-27,32
packages/twenty-front/src/modules/object-metadata/states/objectMetadataItemsByIdMapSelector.ts
  s_62258254606868::t_57e353b726ce59 1-19
packages/twenty-front/src/modules/object-metadata/utils/isManyToOneRelationField.ts
  s_62258254606868::t_91155ee62febe2 1-5,10
packages/twenty-front/src/modules/object-metadata/utils/isOneToManyRelationField.ts
  s_62258254606868::t_4ee9743d371a4f 1-10
packages/twenty-front/src/modules/object-metadata/utils/isRelationFieldOfType.ts
  s_62258254606868::t_1a6539daef7b48 1-16
packages/twenty-front/src/modules/object-record/advanced-filter/components/AdvancedFilterRecordFilterOperandSelectContent.tsx
  s_62258254606868::t_08ca06c5f0da96 2,46-48,55-58,122
packages/twenty-front/src/modules/object-record/advanced-filter/components/AdvancedFilterValueInput.tsx
  s_62258254606868::t_7fd885b8002c66 5-6,33-35,42,53,56-57,71,83-84
packages/twenty-front/src/modules/object-record/advanced-filter/hooks/useSetRecordFilterUsedInAdvancedFilterDropdownRow.ts
  s_62258254606868::t_98821ca28b8683 4,6,40-53
packages/twenty-front/src/modules/object-record/record-board/record-board-column/components/RecordBoardColumnDnd.tsx
  s_62258254606868::t_2406e1f66652fb 10,23,25,42,48
packages/twenty-front/src/modules/object-record/record-board/record-board-column/components/RecordBoardColumnHeader.tsx
  s_62258254606868::t_5b95134cfbf044 21,31,149-160
packages/twenty-front/src/modules/object-record/record-board/record-board-column/components/RecordBoardColumnNewRecordButton.tsx
  s_62258254606868::t_72db9799c25277 7,13,53-62
packages/twenty-front/src/modules/object-record/record-board/record-board-column/dnd/hooks/useRecordBoardColumnDndKit.ts
  s_62258254606868::t_60949b23fd911a 1,13,75-80,82,85,90-101,104-105,107-108,110-111,115-118,129-142,146-147,154-155
packages/twenty-front/src/modules/object-record/record-board/record-board-dnd/hooks/useRecordBoardDndKit.ts
  s_62258254606868::t_4cf5c91f576bc5 11,117,119-120,146,148-149
packages/twenty-front/src/modules/object-record/record-calendar/components/RecordCalendarAddNew.tsx
  s_62258254606868::t_5fd26b30c395e4 10,19,90-95,97
packages/twenty-front/src/modules/object-record/record-calendar/month/hooks/useRecordCalendarMonthDndKit.ts
  s_62258254606868::t_0857e881a7393a 14,89,91-92,120,122-123
packages/twenty-front/src/modules/object-record/record-field/ui/form-types/components/FormAddressFieldInput.tsx
  s_62258254606868::t_0796a1af8b3b59 2
packages/twenty-front/src/modules/object-record/record-field/ui/form-types/components/FormArrayFieldInput.tsx
  s_62258254606868::t_63356cba262553 1,24
packages/twenty-front/src/modules/object-record/record-field/ui/form-types/components/FormBooleanFieldInput.tsx
  s_62258254606868::t_4900e27e4eea26 1,10
packages/twenty-front/src/modules/object-record/record-field/ui/form-types/components/FormBooleanFieldToggleInput.tsx
  s_62258254606868::t_1b5b8c1e981197 1
packages/twenty-front/src/modules/object-record/record-field/ui/form-types/components/FormCallingCodeSelectInput.tsx
  s_62258254606868::t_1d0708f39dd12c 6
packages/twenty-front/src/modules/object-record/record-field/ui/form-types/components/FormCurrencyFieldInput.tsx
  s_62258254606868::t_172d52b18e7a3e 1
packages/twenty-front/src/modules/object-record/record-field/ui/form-types/components/FormDateFieldInput.tsx
  s_62258254606868::t_a2ecd1a85a5880 1,20
packages/twenty-front/src/modules/object-record/record-field/ui/form-types/components/FormDateTimeFieldInput.tsx
  s_62258254606868::t_fb040d67889a77 1,22
packages/twenty-front/src/modules/object-record/record-field/ui/form-types/components/FormEmailsFieldInput.tsx
  s_62258254606868::t_e4baeb0eadfee4 1
packages/twenty-front/src/modules/object-record/record-field/ui/form-types/components/FormFieldPlaceholder.tsx
  s_62258254606868::t_276f46ca488ae2 1
packages/twenty-front/src/modules/object-record/record-field/ui/form-types/components/FormFilesFieldInput.tsx
  s_62258254606868::t_e91a3d4b6d4d98 1
packages/twenty-front/src/modules/object-record/record-field/ui/form-types/components/FormFullNameFieldInput.tsx
  s_62258254606868::t_7adbf2c7c245d1 2
packages/twenty-front/src/modules/object-record/record-field/ui/form-types/components/FormLinksFieldInput.tsx
  s_62258254606868::t_0e19d8bb7b3d5a 2
packages/twenty-front/src/modules/object-record/record-field/ui/form-types/components/FormMorphRelationToOneFieldInput.tsx
  s_62258254606868::t_eac924badbdd9c 4
packages/twenty-front/src/modules/object-record/record-field/ui/form-types/components/FormMultiRecordFieldChips.tsx
  s_62258254606868::t_59caa453a56655 7
packages/twenty-front/src/modules/object-record/record-field/ui/form-types/components/FormMultiRecordPicker.tsx
  s_62258254606868::t_fdc1fbebf83ced 2
packages/twenty-front/src/modules/object-record/record-field/ui/form-types/components/FormMultiSelectFieldInput.tsx
  s_62258254606868::t_78f6ca1183768d 4,21
packages/twenty-front/src/modules/object-record/record-field/ui/form-types/components/FormMultiTextFieldInput.tsx
  s_62258254606868::t_437233cacc1169 1
packages/twenty-front/src/modules/object-record/record-field/ui/form-types/components/FormNumberFieldInput.tsx
  s_62258254606868::t_e99cfb4d334127 1,9
packages/twenty-front/src/modules/object-record/record-field/ui/form-types/components/FormPhoneFieldInput.tsx
  s_62258254606868::t_c45c9d67a43353 5
packages/twenty-front/src/modules/object-record/record-field/ui/form-types/components/FormRawJsonFieldInput.tsx
  s_62258254606868::t_9c775425b31d9c 2
packages/twenty-front/src/modules/object-record/record-field/ui/form-types/components/FormRichTextFieldInput.tsx
  s_62258254606868::t_dcd5c2b2c0b6ef 1-2,5,31-33,48
packages/twenty-front/src/modules/object-record/record-field/ui/form-types/components/FormSelectFieldInput.tsx
  s_62258254606868::t_4bc8f70326e979 2,13
packages/twenty-front/src/modules/object-record/record-field/ui/form-types/components/FormSingleRecordFieldChip.tsx
  s_62258254606868::t_abb04cee8d392d 9
packages/twenty-front/src/modules/object-record/record-field/ui/form-types/components/FormSingleRecordPicker.tsx
  s_62258254606868::t_1569eb754703d8 2,20
packages/twenty-front/src/modules/object-record/record-field/ui/form-types/components/FormTextFieldInput.tsx
  s_62258254606868::t_9dc550c81b26bb 2
packages/twenty-front/src/modules/object-record/record-field/ui/form-types/components/FormUuidFieldInput.tsx
  s_62258254606868::t_030a29f8e1c4e5 1,8
packages/twenty-front/src/modules/object-record/record-field/ui/form-types/components/FormWorkspaceMemberFilterValueInput.tsx
  s_62258254606868::t_2d093009c98f35 19,34
packages/twenty-front/src/modules/object-record/record-field/ui/form-types/components/TextVariableEditor.tsx
  s_62258254606868::t_cca107e3f89dd6 1
packages/twenty-front/src/modules/object-record/record-field/ui/form-types/components/VariableChip.tsx
  s_62258254606868::t_b6363f8fa5d894 1
packages/twenty-front/src/modules/object-record/record-field/ui/form-types/constants/RecordRichTextEditorProfile.ts
  s_62258254606868::t_e7dbcec6786e42 1-15
packages/twenty-front/src/modules/object-record/record-field/ui/form-types/hooks/useMultiItemFieldEditor.ts
  s_62258254606868::t_e025d6682602c8 2,13,140
packages/twenty-front/src/modules/object-record/record-field/ui/form-types/hooks/useTextVariableEditor.ts
  s_62258254606868::t_b506661fef175d 1-2,51
packages/twenty-front/src/modules/object-record/record-field/ui/form-types/types/VariablePickerComponent.ts
  s_62258254606868::t_b863858fa19837 1
packages/twenty-front/src/modules/object-record/record-field/ui/form-types/utils/__tests__/recordRichTextDocumentCompatibility.test.ts
  s_62258254606868::t_4ab4623857ed95 1-2,4-11,14-23,26-28,32-33,35-38,41-44,46,51,57-60,62,64-69
packages/twenty-front/src/modules/object-record/record-field/ui/form-types/utils/convertTipTapDocumentToBlockNote.ts
  s_62258254606868::t_a842dfe0001d44 1-11
packages/twenty-front/src/modules/object-record/record-field/ui/form-types/utils/getFormMultiRecordPickerDraftValue.ts
  s_62258254606868::t_3ec9ead70e79e3 5
packages/twenty-front/src/modules/object-record/record-field/ui/form-types/utils/parseLegacyRecordRichTextDocument.ts
  s_62258254606868::t_280a388be27519 1-16,18-19,23-26,28-29,31-33,35-42,44-45,47-48
packages/twenty-front/src/modules/object-record/record-field/ui/meta-types/input/components/RichTextFieldEditor.tsx
  s_62258254606868::t_c5aec6905afec2 1,20,150-188,191-198,200-201,203-264,291-294,301
packages/twenty-front/src/modules/object-record/record-filter/hooks/useGetRecordFilterDisplayValue.ts
  s_62258254606868::t_7eb98d34fbdaab 13
packages/twenty-front/src/modules/object-record/record-filter/utils/__tests__/isRecordMatchingFilter.test.ts
  s_62258254606868::t_65f183c3373d99 14-18,31,49,64,79,94,119,128,159,167,192,201,228,236,287,296,332,341,386,395,428,437,468,477,511,520,552,561,592,601,616,625,636,645,660-750,753-842
packages/twenty-front/src/modules/object-record/record-filter/utils/isRecordMatchingFilter.ts
  s_62258254606868::t_dea6d9080509cb 97-161,166-167,172-173,185-186,207-208,225-226,238-239,259-260,516-528
packages/twenty-front/src/modules/object-record/record-seeded-draft/hooks/__tests__/useRecordSeededDraft.test.tsx
  s_62258254606868::t_6d8a4d14329650 1-200
packages/twenty-front/src/modules/object-record/record-seeded-draft/hooks/useRecordSeededDraft.ts
  s_62258254606868::t_b4ea40706d529c 1-128
packages/twenty-front/src/modules/object-record/record-show/components/RecordShowPageSSESubscribeEffect.tsx
  s_62258254606868::t_49f6076e0e8c14 6-9,15,17
packages/twenty-front/src/modules/object-record/record-table-widget/components/RecordTableWidgetNestedRelationAddNewRow.tsx
  s_62258254606868::t_743d09332039d8 1-43
packages/twenty-front/src/modules/object-record/record-table-widget/components/RecordTableWidgetNestedRelationPickerDropdownContent.tsx
  s_62258254606868::t_aeed17e522998b 1-78
packages/twenty-front/src/modules/object-record/record-table-widget/components/RecordTableWidgetNestedRelationPickerMenuItem.tsx
  s_62258254606868::t_b06bd1c161bb05 1-52
packages/twenty-front/src/modules/object-record/record-table-widget/components/RecordTableWidgetProvider.tsx
  s_62258254606868::t_a36d1f9d89f8f1 11-14,32,42,98,104
packages/twenty-front/src/modules/object-record/record-table-widget/contexts/RecordTableWidgetContext.ts
  s_62258254606868::t_eb8c26e31948f5 1,4-14,19
packages/twenty-front/src/modules/object-record/record-table/components/RecordTableNoRecordGroupAddNew.tsx
  s_62258254606868::t_0d4d1b2e12a379 8-9,16-17,22-26,51-56,58,60-73,92-106,109
packages/twenty-front/src/modules/object-record/record-table/components/RecordTableNoRecordGroupRows.tsx
  s_62258254606868::t_3c9c930b358f38 1-7,16-17,26-30,32-33,39-43,51-60,72-81,83
packages/twenty-front/src/modules/object-record/record-table/components/RecordTableRecordGroupRows.tsx
  s_62258254606868::t_cd73f690941f21 1-4,7,16-17,20,25-26,31-32,37-41,61-68,95-104,107
packages/twenty-front/src/modules/object-record/record-table/record-table-body/components/RecordTableBodyNoRecordGroupDragDropContextProvider.tsx
  s_62258254606868::t_11872bb9016954 3,14,17,20,23,25,40-44,52-57,59-63,65-69,71-73,75,77-150,153-154,156-168
packages/twenty-front/src/modules/object-record/record-table/record-table-body/components/RecordTableBodyRecordGroupDragDropContextProvider.tsx
  s_62258254606868::t_46f35f1275dcf1 3,9,11,18,21,24-25,41-45,54-58,61-150,152-155,158-159,161-177
packages/twenty-front/src/modules/object-record/record-table/record-table-body/components/RecordTableRecordGroupsBody.tsx
  s_62258254606868::t_3321e03071fa71 41
packages/twenty-front/src/modules/object-record/record-table/record-table-header/components/RecordTableHeader.tsx
  s_62258254606868::t_580d25d22dc2a7 1,14-15,21
packages/twenty-front/src/modules/object-record/record-table/record-table-header/components/RecordTableHeaderDnd.tsx
  s_62258254606868::t_c5f5f4b7f9a58f 13,31,33,52,58,74,80
packages/twenty-front/src/modules/object-record/record-table/record-table-header/dnd/hooks/useRecordTableHeaderDndKit.ts
  s_62258254606868::t_46d3ddb72c8ba0 1-2,10,41-48,51,56-67,70-71,73-74,76-77,81-84,89-91,95-108,113-114
packages/twenty-front/src/modules/object-record/record-table/record-table-row/components/RecordTableDraggableTr.tsx
  s_62258254606868::t_67cf4500a529be 15,20-28,73,106-116
packages/twenty-front/src/modules/object-record/record-table/record-table-row/components/RecordTableRowDragOverlayContent.tsx
  s_62258254606868::t_db29e7d21bd1aa 28,197
packages/twenty-front/src/modules/object-record/record-table/record-table-row/components/RecordTableRowMultiDragCounterChip.tsx
  s_62258254606868::t_0053176dd42666 2,15-16,19
packages/twenty-front/src/modules/object-record/record-table/record-table-row/components/RecordTableRowMultiDragPreview.tsx
  s_62258254606868::t_52ef4141ff5f16 2,6-13,18
packages/twenty-front/src/modules/object-record/record-table/record-table-row/hooks/useIsRecordSecondaryDragged.ts
  s_62258254606868::t_d2fd035daf073c 2,7-8,12
packages/twenty-front/src/modules/object-record/record-table/record-table-section/components/RecordTableRecordGroupSectionAddNew.tsx
  s_62258254606868::t_5b2464aadf0cc1 9-10,16-18,22-26,68-95,100
packages/twenty-front/src/modules/object-record/record-table/utils/__tests__/buildRecordInputFromFilter.test.ts
  s_62258254606868::t_e2c76d1bbeeea5 10,21-27,240-282
packages/twenty-front/src/modules/object-record/record-table/utils/buildRecordInputFromFilter.ts
  s_62258254606868::t_34544fbc324512 31-36
packages/twenty-front/src/modules/object-record/select/hooks/useRecordsForSelect.ts
  s_62258254606868::t_442b23b4f5da0b 12-15,25,34,57,96-100,112
packages/twenty-front/src/modules/object-record/utils/isPlainManyToOneRelationField.ts
  s_62258254606868::t_52f03bf91e8caa 1-13
packages/twenty-front/src/modules/object-record/utils/isPlainOneToManyRelationField.ts
  s_62258254606868::t_15d6a2d8e8d2e9 1-14
packages/twenty-front/src/modules/onboarding/components/BookCallEmbed.tsx
  s_62258254606868::t_302d2aa94a6027 1-44
packages/twenty-front/src/modules/onboarding/components/BookCallOnboardingStepActions.tsx
  s_62258254606868::t_5d13d8df00daf4 1-39
packages/twenty-front/src/modules/onboarding/components/OnboardingStepLayout.tsx
  s_62258254606868::t_fecc3398da408f 4,18
packages/twenty-front/src/modules/onboarding/components/__tests__/BookCallEmbed.test.tsx
  s_62258254606868::t_8a02fe6865ef17 1-101
packages/twenty-front/src/modules/onboarding/components/__tests__/BookCallOnboardingStepActions.test.tsx
  s_62258254606868::t_74d1165f55e02a 1-152
packages/twenty-front/src/modules/onboarding/constants/CompanyEnrichmentSettlementTimeoutMs.ts
  s_62258254606868::t_10c82d9345682b 1
packages/twenty-front/src/modules/onboarding/constants/OnboardingBookCallPendingUserVarKey.ts
  s_62258254606868::t_cecbd22ea648e8 1-2
packages/twenty-front/src/modules/onboarding/effect-components/BookCallBookingSuccessEffect.tsx
  s_62258254606868::t_3d2ae9ea3bedd8 1-51
packages/twenty-front/src/modules/onboarding/effect-components/CompanyEnrichmentOnboardingEffect.tsx
  s_62258254606868::t_764de998b09fcd 2,7-8,13-14,19,35-37,41-43,45,57,63,70,74-103,105-107,109-110,124,128-129,131
packages/twenty-front/src/modules/onboarding/effect-components/PrefetchBookCallStepEffect.tsx
  s_62258254606868::t_217e31f72e47a3 1,3-4,6
packages/twenty-front/src/modules/onboarding/effect-components/__tests__/BookCallBookingSuccessEffect.test.tsx
  s_62258254606868::t_eb7eaeb5bd06cc 1-68
packages/twenty-front/src/modules/onboarding/effect-components/__tests__/CompanyEnrichmentOnboardingEffect.test.tsx
  s_62258254606868::t_1f665b72b88dde 7-8,12-13,19,51,56,68,94,96-119,162-193,260-371
packages/twenty-front/src/modules/onboarding/effect-components/__tests__/PrefetchBookCallStepEffect.test.tsx
  s_62258254606868::t_b2d5bca660280e 1-103
packages/twenty-front/src/modules/onboarding/graphql/mutations/completeBookCallOnboardingStep.ts
  s_62258254606868::t_c5a372250874a6 1-9
packages/twenty-front/src/modules/onboarding/graphql/mutations/enrichWorkspaceCompany.ts
  s_62258254606868::t_a702448d931224 8
packages/twenty-front/src/modules/onboarding/hooks/__tests__/useCompleteBookCallOnboardingStep.test.tsx
  s_62258254606868::t_e29dca354e4b77 1-135
packages/twenty-front/src/modules/onboarding/hooks/__tests__/useInviteTeam.test.ts
  s_62258254606868::t_8bb482e6ce9fda 1-196
packages/twenty-front/src/modules/onboarding/hooks/__tests__/useSetNextOnboardingStatus.test.ts
  s_62258254606868::t_d44f2a3c6ef9b3 9,11,37-38,48-49,65-67,81,92-100,114-116,132,260-346,386-470
packages/twenty-front/src/modules/onboarding/hooks/useCompleteBookCallOnboardingStep.ts
  s_62258254606868::t_6fdbd93a61d9c6 1-39
packages/twenty-front/src/modules/onboarding/hooks/useInviteTeam.ts
  s_62258254606868::t_203ed19fe6ea5b 2-3,6,16,37-43,144,146-152,154,156-184,188-189,194
packages/twenty-front/src/modules/onboarding/hooks/usePreloadCalForBookCallStep.ts
  s_62258254606868::t_5b774468194d8e 1-48
packages/twenty-front/src/modules/onboarding/hooks/useSetNextOnboardingStatus.ts
  s_62258254606868::t_10a436d2089e19 12,17,21,29,36,43-51,71,74-80,100-102,104
packages/twenty-front/src/modules/onboarding/utils/__tests__/waitForCompanyEnrichmentSettlement.test.ts
  s_62258254606868::t_f9541ab4dfb13e 1-99
packages/twenty-front/src/modules/onboarding/utils/getAttendeeName.ts
  s_62258254606868::t_2fa221c9ca898c 1-11
packages/twenty-front/src/modules/onboarding/utils/getHasAdvancedPastBookCallStep.ts
  s_62258254606868::t_a124fdc8f571a4 1-7
packages/twenty-front/src/modules/onboarding/utils/getIsBookCallOnboardingStepPending.ts
  s_62258254606868::t_3a022ad1af380f 1-7
packages/twenty-front/src/modules/onboarding/utils/setIsBookCallOnboardingStepPending.ts
  s_62258254606868::t_0f0995f5e3e012 1-21
packages/twenty-front/src/modules/onboarding/utils/waitForCompanyEnrichmentSettlement.ts
  s_62258254606868::t_1055482ae10f69 1-66
packages/twenty-front/src/modules/page-layout/components/PageLayoutTabListReorderableOverflowDropdown.tsx
  s_62258254606868::t_69f32ae0b2936f 20,25,134,138-169,172-176
packages/twenty-front/src/modules/page-layout/components/PageLayoutTabListReorderableTab.tsx
  s_62258254606868::t_43d79819c07d44 16,34,49,63
packages/twenty-front/src/modules/page-layout/components/PageLayoutTabListVisibleTabs.tsx
  s_62258254606868::t_a48d78e2aa2536 9,35-42,58,62-82,84-91
packages/twenty-front/src/modules/page-layout/components/PageLayoutVerticalListEditor.tsx
  s_62258254606868::t_a8e0d464a1f37f 11,13-14,37,43-48,75,78-84,99-119,122-128,130
packages/twenty-front/src/modules/page-layout/components/dnd/PageLayoutTabWidgetDropTarget.tsx
  s_62258254606868::t_192b7836a16771 19-22,52-53,57-58
packages/twenty-front/src/modules/page-layout/components/dnd/PageLayoutWidgetDndProvider.tsx
  s_62258254606868::t_e79a396bcfb4a6 8,21,24-34
packages/twenty-front/src/modules/page-layout/constants/PageLayoutTabListEndDropZoneWidth.ts
  s_62258254606868::t_931624fe1ea6c4 3
packages/twenty-front/src/modules/page-layout/graphql/fragments/pageLayoutWidgetFragment.ts
  s_62258254606868::t_15c1ed36b49c02 159-164,176
packages/twenty-front/src/modules/page-layout/hooks/__tests__/useSaveRecordTableWidgetViews.test.tsx
  s_62258254606868::t_ca0e92b31d4e52 1-188
packages/twenty-front/src/modules/page-layout/hooks/usePageLayoutWidgetDragAndDrop.ts
  s_62258254606868::t_4db09449a49a08 2,12-13,15,18,24,47-58,65-66,71-108,120-121,162-166,169-190,201,212-217,220-225
packages/twenty-front/src/modules/page-layout/hooks/useSaveRecordTableWidgetViews.ts
  s_62258254606868::t_b741d818e0faad 140-141
packages/twenty-front/src/modules/page-layout/types/FieldConfiguration.ts
  s_62258254606868::t_e5b7618ec185c3 12
packages/twenty-front/src/modules/page-layout/types/PageLayoutTabDragData.ts
  s_62258254606868::t_c878fa30ef10ec 4-6
packages/twenty-front/src/modules/page-layout/types/PageLayoutWidgetListDropData.ts
  s_62258254606868::t_7fb9143d0d3dd0 4
packages/twenty-front/src/modules/page-layout/utils/resolveBeforeTabId.ts
  s_62258254606868::t_6bad54025b44fb 3-6,8,10-16,19,23-30,32-33,36-38
packages/twenty-front/src/modules/page-layout/widgets/field/components/FieldWidgetRelationTable.tsx
  s_62258254606868::t_c0e31c1449290d 1,5,9,11,14,16-22,52-53,57-59,66-158,161-163,171,176,182
packages/twenty-front/src/modules/page-layout/widgets/field/components/FieldWidgetTextEditor.tsx
  s_62258254606868::t_e0c7224c3f0ff6 5,19-20,52-56,63-69,71,73-75,78-80,86,89
packages/twenty-front/src/modules/page-layout/widgets/field/utils/__tests__/getFieldWidgetNestedRelationCreateThrough.test.ts
  s_62258254606868::t_78c592b28305bf 1-77
packages/twenty-front/src/modules/page-layout/widgets/field/utils/__tests__/getFieldWidgetRelationTraversal.test.ts
  s_62258254606868::t_9dc1a52f10b027 1-99
packages/twenty-front/src/modules/page-layout/widgets/field/utils/__tests__/resolveFieldWidgetNestedRelation.test.ts
  s_62258254606868::t_1180fc50cb614f 1-81
packages/twenty-front/src/modules/page-layout/widgets/field/utils/getFieldWidgetEligibleNestedFields.ts
  s_62258254606868::t_66d68f68c82f1f 1-10
packages/twenty-front/src/modules/page-layout/widgets/field/utils/getFieldWidgetNestedRelationCreateThrough.ts
  s_62258254606868::t_bbfde2e4115bdd 1-54
packages/twenty-front/src/modules/page-layout/widgets/field/utils/getFieldWidgetRelationTraversal.ts
  s_62258254606868::t_c08f7d217d6558 1-46
packages/twenty-front/src/modules/page-layout/widgets/field/utils/isFieldWidgetEligibleNestedField.ts
  s_62258254606868::t_b6f3cc12eace31 1-10
packages/twenty-front/src/modules/page-layout/widgets/field/utils/isFieldWidgetEligibleNestedParentField.ts
  s_62258254606868::t_cfa6db39f956d7 1-15
packages/twenty-front/src/modules/page-layout/widgets/field/utils/resolveFieldWidgetNestedRelation.ts
  s_62258254606868::t_2eee3b4bd12ec7 1-73
packages/twenty-front/src/modules/page-layout/widgets/fields/components/FieldsConfigurationEditor.tsx
  s_62258254606868::t_7e8f10c85eba06 23,27,30,80-81,84,163-226,236-238
packages/twenty-front/src/modules/page-layout/widgets/fields/components/FieldsConfigurationEmptyGroupDropZone.tsx
  s_62258254606868::t_db5cf4c87c4a0b 5,7-8,10-23,26-28,31-32,34-38,40-41,43,47,49
packages/twenty-front/src/modules/page-layout/widgets/fields/components/FieldsConfigurationGroupEditor.tsx
  s_62258254606868::t_8ba15b64575c6d 3,6,19,167,169,180-185,187-210,213-217
packages/twenty-front/src/modules/page-layout/widgets/fields/components/FieldsConfigurationUngroupedEditor.tsx
  s_62258254606868::t_d7880a03cc4eb1 2-4,6-7,14,18-21,23,25,54-75,79-80,89,91,96,109-113,115-171,179-181
packages/twenty-front/src/modules/page-layout/widgets/fields/hooks/useFieldsConfigurationEditorDragAndDrop.ts
  s_62258254606868::t_03aa9d380d25c1 9,11,14,19,38-39,51-56,58-61,63,65-71,73-79,82,87,92,100-101,103-105,108,119,123,131,138-139,149-160,163,169,173-191,193-197,201-205,208-209
packages/twenty-front/src/modules/page-layout/widgets/fields/types/FieldsConfigurationDndData.ts
  s_62258254606868::t_bf7ff9476bc5c6 6
packages/twenty-front/src/modules/page-layout/widgets/fields/types/FieldsConfigurationFieldListEndDropData.ts
  s_62258254606868::t_6ba9b9da9440c2 2
packages/twenty-front/src/modules/page-layout/widgets/hooks/useWidgetActions.ts
  s_62258254606868::t_acf621d7d7c3f4 74-81
packages/twenty-front/src/modules/page-layout/widgets/record-table/components/RecordTableWidgetRendererContent.tsx
  s_62258254606868::t_36d2eeb3e2cdea 7,29,40,94
packages/twenty-front/src/modules/page-layout/widgets/record-table/hooks/__tests__/useAddDraftViewForFieldRelationTableWidget.test.tsx
  s_62258254606868::t_84312399152bbe 1-107
packages/twenty-front/src/modules/page-layout/widgets/record-table/hooks/__tests__/useRecordTableWidgetFilterCallbacks.test.tsx
  s_62258254606868::t_e1e138f1fff23b 1-141
packages/twenty-front/src/modules/page-layout/widgets/record-table/hooks/__tests__/useResolveFieldWidgetRelationTableViewIdChange.test.tsx
  s_62258254606868::t_c5684ad505f79c 1-180
packages/twenty-front/src/modules/page-layout/widgets/record-table/hooks/useAddDraftViewForFieldRelationTableWidget.ts
  s_62258254606868::t_20a9c373e6a68d 25-35,64-65
packages/twenty-front/src/modules/page-layout/widgets/record-table/hooks/useRecordTableWidgetFilterCallbacks.ts
  s_62258254606868::t_5fcbce041ade94 64-65
packages/twenty-front/src/modules/page-layout/widgets/record-table/hooks/useResolveFieldWidgetRelationTableViewIdChange.ts
  s_62258254606868::t_771c96970b3371 2-4,14-16,27-31,34-36,42-56,59-61,64,67,70-72,79
packages/twenty-front/src/modules/settings/billing/components/internal/ResourceCreditPriceSelector.tsx
  s_62258254606868::t_e9b9c9adb6a36c 17-22,324,381
packages/twenty-front/src/modules/settings/domains/hooks/useSettingsSubdomain.ts
  s_62258254606868::t_fe0e12e4553246 3,8,21-22
packages/twenty-front/src/modules/settings/domains/utils/getSubdomainValidationSchema.ts
  s_62258254606868::t_69c3d8bb08fe12 3,9-11,14-16
packages/twenty-front/src/modules/settings/profile/devices/components/SettingsProfileDevicesSection.tsx
  s_62258254606868::t_5e25273630d82a 136-137
packages/twenty-front/src/modules/side-panel/pages/email-block-settings/components/EmailBlockSettingsFieldInput.tsx
  s_62258254606868::t_4cd6eac6581c7c 3,12-15
packages/twenty-front/src/modules/side-panel/pages/email-block-settings/components/SidePanelEmailBlockSettingsPage.tsx
  s_62258254606868::t_1264c50d9d8402 14-16,84-85,126-129,185
packages/twenty-front/src/modules/side-panel/pages/email-block-settings/types/EmailThemeField.ts
  s_62258254606868::t_9992d825848a98 4,9
packages/twenty-front/src/modules/side-panel/pages/page-layout/components/dropdown-content/FieldWidgetFieldDropdownContent.tsx
  s_62258254606868::t_84b06fd629cb25 3,5,7,10,18,29,38,43-44,56-57,111-113,130-165,167-195,206-208,213-217,224-225,228,233,242-298,315-350
packages/twenty-front/src/modules/side-panel/pages/page-layout/components/dropdown-content/FieldWidgetLayoutDropdownContent.tsx
  s_62258254606868::t_8d794f1429a8e8 4,6-7,38,65-66,73-87,95-102,107-128,207-208,211-212
packages/twenty-front/src/modules/side-panel/pages/page-layout/components/dropdown-content/FieldWidgetNestedFieldDropdownContent.tsx
  s_62258254606868::t_5d47f5788e6e38 1-105
packages/twenty-front/src/modules/side-panel/pages/page-layout/components/record-page/SidePanelRecordPageFieldSettings.tsx
  s_62258254606868::t_b641fb6cf33fb6 4-5,7,73-74,83-84,92-98,101-107,148-151
packages/twenty-front/src/modules/side-panel/pages/page-layout/utils/isWidgetConfigurationOfType.ts
  s_62258254606868::t_288ce0593dd9b4 6-7,57-68
packages/twenty-front/src/modules/side-panel/pages/record-page/components/SidePanelRecordPage.tsx
  s_62258254606868::t_cd27286929b752 10,92-96
packages/twenty-front/src/modules/side-panel/pages/workflow/step/view-run/components/SidePanelWorkflowRunViewStepContent.tsx
  s_62258254606868::t_df031b4f328a14 16
packages/twenty-front/src/modules/ui/input/types/VariablePickerComponent.ts
  s_62258254606868::t_c797f387f3f761 1-11
packages/twenty-front/src/modules/ui/layout/draggable-list/components/DraggableItem.tsx
  s_62258254606868::t_34144bc6bdc3d5 3,7,18,27,44,50-51,54,65-88
packages/twenty-front/src/modules/ui/layout/draggable-list/components/DraggableList.tsx
  s_62258254606868::t_a6ee8f075be4eb 9,12-15,17,19,43-45,47-51,54-68,72-84,88-89,96,101-110,113,115-116,130-134,136-156
packages/twenty-front/src/modules/ui/layout/draggable-list/contexts/DraggableListGroupContext.ts
  s_62258254606868::t_b63adf21a1717c 5-6
packages/twenty-front/src/modules/ui/utilities/drag-and-drop/components/DragDropItemDropTarget.tsx
  s_62258254606868::t_991ef3d453cda4 7,12,14-18,57,72,93-95,105,120
packages/twenty-front/src/modules/ui/utilities/drag-and-drop/components/DragDropItemDropTargetSlot.tsx
  s_62258254606868::t_d37e2b52335960 4-6,16-17,20,22-24
packages/twenty-front/src/modules/ui/utilities/drag-and-drop/components/DragDropItemSortableCell.tsx
  s_62258254606868::t_67c78da73728a9 8,14,70-72,89,92-103,105-115
packages/twenty-front/src/modules/ui/utilities/drag-and-drop/constants/DndKitSensors.ts
  s_62258254606868::t_3210dbdca2a26c 1,3,8
packages/twenty-front/src/modules/ui/utilities/drag-and-drop/context/DragDropItemDndContext.tsx
  s_62258254606868::t_3667d12b0f31db 3
packages/twenty-front/src/modules/ui/utilities/drag-and-drop/sensors/PointerSensorWithSourceGuard.ts
  s_62258254606868::t_68f6f91f250a73 1-19
packages/twenty-front/src/modules/ui/utilities/drag-and-drop/sensors/__tests__/PointerSensorWithSourceGuard.test.ts
  s_62258254606868::t_bbe20ca6f6be8e 1-96
packages/twenty-front/src/modules/ui/utilities/drag-and-drop/types/DragDropItemData.ts
  s_62258254606868::t_7cde689d9aaf22 1-2,6-8
packages/twenty-front/src/modules/ui/utilities/drag-and-drop/types/DragDropItemDropTargetOrientation.ts
  s_62258254606868::t_bb418079d1b910 1
packages/twenty-front/src/modules/ui/utilities/drag-and-drop/utils/__tests__/resolveDropFromPointer.test.ts
  s_62258254606868::t_304543528bae88 1-134
packages/twenty-front/src/modules/ui/utilities/drag-and-drop/utils/resolveDropFromPointer.ts
  s_62258254606868::t_5b85c318476f2d 5,15,17-18,22-23,30-31,33,35,39-51,56-58
packages/twenty-front/src/modules/views/states/selectors/viewFromViewIdFamilySelector.ts
  s_62258254606868::t_d4d1d3aacf8da9 2,13,15
packages/twenty-front/src/modules/views/states/selectors/viewsByIdMapSelector.ts
  s_62258254606868::t_059d30cf8a90b6 1-3,5-6,8-9
packages/twenty-front/src/modules/workflow/workflow-diagram/components/WorkflowSSESubscribeEffect.tsx
  s_62258254606868::t_b8723a5237f81b 4-6,10-11,34-50,64-105,107-108,110
packages/twenty-front/src/modules/workflow/workflow-steps/workflow-actions/ai-agent-action/components/WorkflowOutputSchemaBuilder.tsx
  s_62258254606868::t_86c70f43fe8a79 1
packages/twenty-front/src/modules/workflow/workflow-steps/workflow-actions/ai-agent-action/components/WorkflowRunStepLogsAiAgentDetail.tsx
  s_62258254606868::t_cf3ef527492c74 16,30-31
packages/twenty-front/src/modules/workflow/workflow-steps/workflow-actions/code-action/components/WorkflowEditActionCodeFieldLeaf.tsx
  s_62258254606868::t_a01fe73e632c23 23-26
packages/twenty-front/src/modules/workflow/workflow-steps/workflow-actions/code-action/components/WorkflowRunStepLogsCodeDetail.tsx
  s_62258254606868::t_32627174838e8e 14,29
packages/twenty-front/src/modules/workflow/workflow-steps/workflow-actions/components/WorkflowEditActionCreateRecord.tsx
  s_62258254606868::t_2eb021f2c016bd 6,13-17,29,146-151,223
packages/twenty-front/src/modules/workflow/workflow-steps/workflow-actions/components/WorkflowEditActionEmailBase.tsx
  s_62258254606868::t_240a190cc673be 3,21,24-25,375
packages/twenty-front/src/modules/workflow/workflow-steps/workflow-actions/components/WorkflowEditActionUpsertRecord.tsx
  s_62258254606868::t_93f3669a4b8253 7,15-19,31,163-168,283
packages/twenty-front/src/modules/workflow/workflow-steps/workflow-actions/components/WorkflowRunStepLogsDetail.tsx
  s_62258254606868::t_44bbb46736750b 13-17
packages/twenty-front/src/modules/workflow/workflow-steps/workflow-actions/components/WorkflowRunStepLogsEmailDetail.tsx
  s_62258254606868::t_c0c3ed657babc2 14-15,33
packages/twenty-front/src/modules/workflow/workflow-steps/workflow-actions/components/WorkflowRunStepLogsEntries.tsx
  s_62258254606868::t_3ed8314406855c 10
packages/twenty-front/src/modules/workflow/workflow-steps/workflow-actions/components/WorkflowSendEmailAttachments.tsx
  s_62258254606868::t_6d1ec1cae25935 1
packages/twenty-front/src/modules/workflow/workflow-steps/workflow-actions/constants/WorkflowEmailBodyEditorProfile.ts
  s_62258254606868::t_e2b9998f136776 1-15
packages/twenty-front/src/modules/workflow/workflow-steps/workflow-actions/find-records-action/components/WorkflowEditActionFindRecords.tsx
  s_62258254606868::t_4154d6c768dd9f 36
packages/twenty-front/src/modules/workflow/workflow-steps/workflow-actions/form-action/components/WorkflowEditActionFormBuilder.tsx
  s_62258254606868::t_e5897051cd47cf 1,8,302-307
packages/twenty-front/src/modules/workflow/workflow-steps/workflow-actions/form-action/components/WorkflowEditActionFormFieldSettings.tsx
  s_62258254606868::t_8000d7e91cdca9 1
packages/twenty-front/src/modules/workflow/workflow-steps/workflow-actions/form-action/components/WorkflowFormFieldSettingsDate.tsx
  s_62258254606868::t_74ec43efb82dea 1
packages/twenty-front/src/modules/workflow/workflow-steps/workflow-actions/form-action/components/WorkflowFormFieldSettingsNumber.tsx
  s_62258254606868::t_92365ebf5f47f4 1
packages/twenty-front/src/modules/workflow/workflow-steps/workflow-actions/form-action/components/WorkflowFormFieldSettingsRecordPicker.tsx
  s_62258254606868::t_3b7d1e8486d9dd 3
packages/twenty-front/src/modules/workflow/workflow-steps/workflow-actions/form-action/components/WorkflowFormFieldSettingsSelect.tsx
  s_62258254606868::t_27fdfd22cd7be6 3
packages/twenty-front/src/modules/workflow/workflow-steps/workflow-actions/form-action/components/WorkflowFormFieldSettingsText.tsx
  s_62258254606868::t_36c84be9ab48da 1
packages/twenty-front/src/modules/workflow/workflow-steps/workflow-actions/http-request-action/components/BodyInput.tsx
  s_62258254606868::t_85926195138602 2
packages/twenty-front/src/modules/workflow/workflow-steps/workflow-actions/http-request-action/components/HttpRequestTestVariableInput.tsx
  s_62258254606868::t_97c62574bc801c 1
packages/twenty-front/src/modules/workflow/workflow-steps/workflow-actions/http-request-action/components/KeyValuePairInput.tsx
  s_62258254606868::t_7dc9bd630e5910 1
packages/twenty-front/src/modules/workflow/workflow-steps/workflow-actions/http-request-action/components/WorkflowRunStepLogsHttpRequestDetail.tsx
  s_62258254606868::t_dd44f753a5131b 16-17,35
packages/twenty-front/src/modules/workflow/workflow-steps/workflow-actions/iterator-action/components/WorkflowEditActionIterator.tsx
  s_62258254606868::t_e8cacccb07fa5e 5
packages/twenty-front/src/modules/workflow/workflow-steps/workflow-actions/utils/__tests__/buildUpdatedRecordActionFormData.test.ts
  s_62258254606868::t_0886b85f5a6544 1-45,49-51,55-60,63,66-71,74-75,78-83,86,89-99,102
packages/twenty-front/src/modules/workflow/workflow-steps/workflow-actions/utils/__tests__/parseLegacyWorkflowEmailBodyDocument.test.ts
  s_62258254606868::t_1c80b370bcd243 1,3-13,15-17,20-23,26-28,35
packages/twenty-front/src/modules/workflow/workflow-steps/workflow-actions/utils/buildUpdatedRecordActionFormData.ts
  s_62258254606868::t_f86aebd05b9059 1-42
packages/twenty-front/src/modules/workflow/workflow-steps/workflow-actions/utils/formatDuration.ts
  s_62258254606868::t_638389fea9c6f9 1-3,5-6
packages/twenty-front/src/modules/workflow/workflow-steps/workflow-actions/utils/parseLegacyWorkflowEmailBodyDocument.ts
  s_62258254606868::t_025146ac2d22de 1-14
packages/twenty-front/src/modules/workflow/workflow-variables/components/WorkflowTextEditorTextChip.tsx
  s_62258254606868::t_d793cc3824c7b0 1
packages/twenty-front/src/modules/workflow/workflow-variables/extensions/WorkflowVariableTag.ts
  s_62258254606868::t_174abe9e2de324 1-9
packages/twenty-front/src/modules/workflow/workflow-variables/utils/getMultiItemFieldEditorContent.ts
  s_62258254606868::t_3c03b15c046b81 1
packages/twenty-front/src/pages/onboarding/BookCall.tsx
  s_62258254606868::t_7c8ab3634b2e8d 1-2,5-13,19-20,22-28,31,50,53-60,64-91
packages/twenty-front/src/pages/onboarding/InviteTeam.tsx
  s_62258254606868::t_3a5f9230ebf3a3 22,128
packages/twenty-front/src/pages/onboarding/__tests__/BookCall.test.tsx
  s_62258254606868::t_63d42157ea3fd4 1-90
packages/twenty-front/src/pages/settings/ai/SettingsAiPrompts.tsx
  s_62258254606868::t_eeaeff317b5e41 4-5,139,168
packages/twenty-front/src/pages/settings/ai/SettingsSkillForm.tsx
  s_62258254606868::t_4d95592db7fd4d 6-7,495
packages/twenty-front/src/pages/settings/ai/components/SettingsAiOverviewTab.tsx
  s_62258254606868::t_479d5ec0d1fade 2-3,141
packages/twenty-front/src/pages/settings/domains/__stories__/SettingsSubdomain.stories.tsx
  s_62258254606868::t_034e263612cd21 38
packages/twenty-front/src/testing/mock-data/config.ts
  s_62258254606868::t_dec405c727eae7 19,72-73
packages/twenty-sdk/package.json
  s_62258254606868::t_4d515fdc9e0245 3,84
packages/twenty-sdk/src/cli/__tests__/apps/minimal-app/__integration__/app-dev/sync-error-surfacing.integration.spec.ts
  s_62258254606868::t_0c84f7685eaa8e 1-70
packages/twenty-sdk/src/cli/__tests__/integration/utils/setup-app-dev-mocks.ts
  s_62258254606868::t_43921b0562ec47 3
packages/twenty-sdk/src/cli/utilities/auth/callback-server.ts
  s_62258254606868::t_44207ad7d3f733 55
packages/twenty-server/.env.example
  s_62258254606868::t_361ce92e232842 92-95,99-105
packages/twenty-server/package.json
  s_62258254606868::t_8bb9a95ebfc8be 123,174
packages/twenty-server/src/database/commands/upgrade-version-command/2-29/2-29-instance-command-fast-1786009374684-add-call-recording-widget-types.ts
  s_62258254606868::t_14b03385d8e2a2 1-50
packages/twenty-server/src/engine/core-modules/application/application-authorization/__tests__/application-authorization.service.spec.ts
  s_62258254606868::t_d0e4b1d55ee2d6 150,152-155,170-181,183-186,195-196,199,202,206-211,221-225,233-237
packages/twenty-server/src/engine/core-modules/application/application-authorization/application-authorization.resolver.ts
  s_62258254606868::t_41e8156b094172 10-11,13,16,20-24,37-39,41-46,48-49,61-63,67-77
packages/twenty-server/src/engine/core-modules/application/application-authorization/services/application-authorization.service.ts
  s_62258254606868::t_c4c0f9ad4b04ac 102-111,116-118,131-134,137,141,146,165
packages/twenty-server/src/engine/core-modules/client-config/client-config.controller.spec.ts
  s_62258254606868::t_0b81c8cca41812 71,109-110
packages/twenty-server/src/engine/core-modules/client-config/client-config.entity.ts
  s_62258254606868::t_8750453bb3cc07 280-282,345-350
packages/twenty-server/src/engine/core-modules/client-config/services/client-config.service.spec.ts
  s_62258254606868::t_baaf8d02076283 87,110,158,196-197
packages/twenty-server/src/engine/core-modules/client-config/services/client-config.service.ts
  s_62258254606868::t_a0054a39ebcca6 6-7,52-57,209,296-297
packages/twenty-server/src/engine/core-modules/company-enrichment/company-enrichment.module.ts
  s_62258254606868::t_c374b0c5249794 7,15
packages/twenty-server/src/engine/core-modules/company-enrichment/dtos/workspace-company-enrichment-result.dto.ts
  s_62258254606868::t_ceb5220aec3aa7 15-17
packages/twenty-server/src/engine/core-modules/company-enrichment/resolvers/__tests__/company-enrichment.resolver.spec.ts
  s_62258254606868::t_158d08edfa4a87 1-108
packages/twenty-server/src/engine/core-modules/company-enrichment/resolvers/company-enrichment.resolver.ts
  s_62258254606868::t_73caf46c97953c 7,11,26,34-60
packages/twenty-server/src/engine/core-modules/company-enrichment/services/__tests__/company-enrichment.service.spec.ts
  s_62258254606868::t_87ec7bfeb3c32a 25,44-46,66,319-402
packages/twenty-server/src/engine/core-modules/company-enrichment/services/company-enrichment.service.ts
  s_62258254606868::t_d444862d16ba5a 18,51,107,113-116
packages/twenty-server/src/engine/core-modules/company-enrichment/utils/__tests__/read-is-company-enrichment-enabled.util.spec.ts
  s_62258254606868::t_ce264c1c42e257 1-71
packages/twenty-server/src/engine/core-modules/company-enrichment/utils/read-is-company-enrichment-enabled.util.ts
  s_62258254606868::t_faa0cbbbf38e43 1-20
packages/twenty-server/src/engine/core-modules/domain/subdomain-manager/services/__test__/subdomain-manager.service.spec.ts
  s_62258254606868::t_d03fbd70d194f0 47-49
packages/twenty-server/src/engine/core-modules/domain/subdomain-manager/services/subdomain-manager.service.ts
  s_62258254606868::t_d9b67752f1639f 75-77,82-83,117,121-122,147-150,180-183,207-210
packages/twenty-server/src/engine/core-modules/domain/subdomain-manager/utils/__test__/is-subdomain-valid.util.spec.ts
  s_62258254606868::t_91044eee2624df 6-9,13-18,22-25,29-31,37,41,45-47,53,57-60,66,70,74-76,80-82,86-89,93-102,106-110,114-117,121-122,126-143,149-154,158-163,167-171,175-180,184-191,195-202,206-210,214-221,294,301-304,308-311,316,322,328,333-338,343,345,347,349,353-357,361-363,370-372,375-376,380-382,385,393,399
packages/twenty-server/src/engine/core-modules/domain/subdomain-manager/utils/is-subdomain-valid.util.ts
  s_62258254606868::t_9ab82682eb5081 1-4,7-13,15
packages/twenty-server/src/engine/core-modules/email/types/compiled-outbound-email-content.type.ts
  s_62258254606868::t_51509dbe458bf7 1-3
packages/twenty-server/src/engine/core-modules/email/utils/__tests__/compile-outbound-email-content.util.spec.ts
  s_62258254606868::t_2a839e7234fb47 1,3-8,13,34-57,59,64,68,78,97,117,132,160,174-175,192,211-226,230-233,237-247,249-255,260,292
packages/twenty-server/src/engine/core-modules/email/utils/__tests__/resolve-email-document-bindings.util.spec.ts
  s_62258254606868::t_7a0521f5a821d8 1-181
packages/twenty-server/src/engine/core-modules/email/utils/__tests__/sanitize-outbound-email-html.util.spec.ts
  s_62258254606868::t_9556b123878e5e 1-92
packages/twenty-server/src/engine/core-modules/email/utils/compile-outbound-email-content.util.ts
  s_62258254606868::t_65f17163063470 1-6,9-11,14-15,17-19,21-23,25-26,29,32,34-35,37-40
packages/twenty-server/src/engine/core-modules/email/utils/resolve-email-document-bindings.util.ts
  s_62258254606868::t_5b20362bfeddae 1-88
packages/twenty-server/src/engine/core-modules/email/utils/sanitize-outbound-email-html.util.ts
  s_62258254606868::t_7bb8db1337c43c 1-159
packages/twenty-server/src/engine/core-modules/emailing-domain/drivers/aws-ses/providers/aws-ses-client.provider.ts
  s_62258254606868::t_447ce160b39d56 9,21
packages/twenty-server/src/engine/core-modules/emailing-domain/drivers/aws-ses/services/__tests__/aws-ses-driver-domain-status.service.spec.ts
  s_62258254606868::t_87d154ac26b9f7 1-94
packages/twenty-server/src/engine/core-modules/emailing-domain/drivers/aws-ses/services/aws-ses-driver.service.ts
  s_62258254606868::t_40779a1a8b53c6 19-22,38,379
packages/twenty-server/src/engine/core-modules/file-storage/constants/s3-client-timeouts.constant.ts
  s_62258254606868::t_8588633aaf0e3d 1-3
packages/twenty-server/src/engine/core-modules/file-storage/drivers/s3.driver.ts
  s_62258254606868::t_819dfc433cf253 27-31,37,67-73,78-83
packages/twenty-server/src/engine/core-modules/i18n/locales/af-ZA.po
  s_62258254606868::t_62223dfe374925 45-69,192-196,7589-7593,7710-7714,7775-7779,8081-8085,10021-10025
packages/twenty-server/src/engine/core-modules/i18n/locales/ar-SA.po
  s_62258254606868::t_af468a5ebcd447 45-69,192-196,7589-7593,7710-7714,7775-7779,8081-8085,10021-10025
packages/twenty-server/src/engine/core-modules/i18n/locales/ca-ES.po
  s_62258254606868::t_9f591e0a4a84f7 45-69,192-196,7589-7593,7710-7714,7775-7779,8081-8085,10021-10025
packages/twenty-server/src/engine/core-modules/i18n/locales/cs-CZ.po
  s_62258254606868::t_aa8c53172bc5eb 45-69,192-196,7589-7593,7710-7714,7775-7779,8081-8085,10021-10025
packages/twenty-server/src/engine/core-modules/i18n/locales/da-DK.po
  s_62258254606868::t_cbb8bfe9680fa8 45-69,192-196,7589-7593,7710-7714,7775-7779,8081-8085,10021-10025
packages/twenty-server/src/engine/core-modules/i18n/locales/de-DE.po
  s_62258254606868::t_b37edbe27e2f5b 45-69,192-196,7589-7593,7710-7714,7775-7779,8081-8085,10021-10025
packages/twenty-server/src/engine/core-modules/i18n/locales/el-GR.po
  s_62258254606868::t_1cfa81283fa54f 45-69,192-196,7589-7593,7710-7714,7775-7779,8081-8085,10021-10025
packages/twenty-server/src/engine/core-modules/i18n/locales/en.po
  s_62258254606868::t_6d21e04b54478f 40-64,187-191,7584-7588,7705-7709,7770-7774,8076-8080,10016-10020
packages/twenty-server/src/engine/core-modules/i18n/locales/es-ES.po
  s_62258254606868::t_d859e17703df82 45-69,192-196,7589-7593,7710-7714,7775-7779,8081-8085,10021-10025
packages/twenty-server/src/engine/core-modules/i18n/locales/fi-FI.po
  s_62258254606868::t_494600ea0d2bc9 45-69,192-196,7589-7593,7710-7714,7775-7779,8081-8085,10021-10025
packages/twenty-server/src/engine/core-modules/i18n/locales/fr-FR.po
  s_62258254606868::t_3e5bc73dd6f57c 45-69,192-196,7589-7593,7710-7714,7775-7779,8081-8085,10021-10025
packages/twenty-server/src/engine/core-modules/i18n/locales/generated/af-ZA.ts
  s_62258254606868::t_193805d0331c98 1
packages/twenty-server/src/engine/core-modules/i18n/locales/generated/ar-SA.ts
  s_62258254606868::t_085e7fd98cb0d3 1
packages/twenty-server/src/engine/core-modules/i18n/locales/generated/ca-ES.ts
  s_62258254606868::t_e245fbe7b5d0ba 1
packages/twenty-server/src/engine/core-modules/i18n/locales/generated/cs-CZ.ts
  s_62258254606868::t_e2542a121e7602 1
packages/twenty-server/src/engine/core-modules/i18n/locales/generated/da-DK.ts
  s_62258254606868::t_fc46d7b032f33f 1
packages/twenty-server/src/engine/core-modules/i18n/locales/generated/de-DE.ts
  s_62258254606868::t_bc1fe62c55e94e 1
packages/twenty-server/src/engine/core-modules/i18n/locales/generated/el-GR.ts
  s_62258254606868::t_ea21ac3d316300 1
packages/twenty-server/src/engine/core-modules/i18n/locales/generated/en.ts
  s_62258254606868::t_548d7839fcb378 1
packages/twenty-server/src/engine/core-modules/i18n/locales/generated/es-ES.ts
  s_62258254606868::t_1809f2a4f97ed5 1
packages/twenty-server/src/engine/core-modules/i18n/locales/generated/fi-FI.ts
  s_62258254606868::t_2e90a8aa19c7c3 1
packages/twenty-server/src/engine/core-modules/i18n/locales/generated/fr-FR.ts
  s_62258254606868::t_7390109929e1a2 1
packages/twenty-server/src/engine/core-modules/i18n/locales/generated/he-IL.ts
  s_62258254606868::t_0943f93a325d6d 1
packages/twenty-server/src/engine/core-modules/i18n/locales/generated/hu-HU.ts
  s_62258254606868::t_0791bcb9d2a1de 1
packages/twenty-server/src/engine/core-modules/i18n/locales/generated/it-IT.ts
  s_62258254606868::t_11a91a3dc58d10 1
packages/twenty-server/src/engine/core-modules/i18n/locales/generated/ja-JP.ts
  s_62258254606868::t_9804c5a152f252 1
packages/twenty-server/src/engine/core-modules/i18n/locales/generated/ko-KR.ts
  s_62258254606868::t_ae96a64a891010 1
packages/twenty-server/src/engine/core-modules/i18n/locales/generated/nl-NL.ts
  s_62258254606868::t_cdc2a8584ab39b 1
packages/twenty-server/src/engine/core-modules/i18n/locales/generated/no-NO.ts
  s_62258254606868::t_0a9ee6acca9ac7 1
packages/twenty-server/src/engine/core-modules/i18n/locales/generated/pl-PL.ts
  s_62258254606868::t_ee328c3063a5ff 1
packages/twenty-server/src/engine/core-modules/i18n/locales/generated/pseudo-en.ts
  s_62258254606868::t_36c64f408e166e 1
packages/twenty-server/src/engine/core-modules/i18n/locales/generated/pt-BR.ts
  s_62258254606868::t_6ae0cb2caa33d0 1
packages/twenty-server/src/engine/core-modules/i18n/locales/generated/pt-PT.ts
  s_62258254606868::t_b416d346ca9ac7 1
packages/twenty-server/src/engine/core-modules/i18n/locales/generated/ro-RO.ts
  s_62258254606868::t_d2a137b4fb876d 1
packages/twenty-server/src/engine/core-modules/i18n/locales/generated/ru-RU.ts
  s_62258254606868::t_ec4fb122854364 1
packages/twenty-server/src/engine/core-modules/i18n/locales/generated/sr-Cyrl.ts
  s_62258254606868::t_f016fbc3f6f352 1
packages/twenty-server/src/engine/core-modules/i18n/locales/generated/sv-SE.ts
  s_62258254606868::t_b5248b24ced9ff 1
packages/twenty-server/src/engine/core-modules/i18n/locales/generated/tr-TR.ts
  s_62258254606868::t_9c40ba37eb64d5 1
packages/twenty-server/src/engine/core-modules/i18n/locales/generated/uk-UA.ts
  s_62258254606868::t_5d885d44e2c068 1
packages/twenty-server/src/engine/core-modules/i18n/locales/generated/vi-VN.ts
  s_62258254606868::t_42421ed7566787 1
packages/twenty-server/src/engine/core-modules/i18n/locales/generated/zh-CN.ts
  s_62258254606868::t_21fafe5cf4c0c9 1
packages/twenty-server/src/engine/core-modules/i18n/locales/generated/zh-TW.ts
  s_62258254606868::t_e2cd8ed27bd00c 1
packages/twenty-server/src/engine/core-modules/i18n/locales/he-IL.po
  s_62258254606868::t_ba1be638d79c6a 45-69,192-196,7589-7593,7710-7714,7775-7779,8081-8085,10021-10025
packages/twenty-server/src/engine/core-modules/i18n/locales/hu-HU.po
  s_62258254606868::t_1fd89c5adcd1c2 45-69,192-196,7589-7593,7710-7714,7775-7779,8081-8085,10021-10025
packages/twenty-server/src/engine/core-modules/i18n/locales/it-IT.po
  s_62258254606868::t_b214953589328d 45-69,192-196,7589-7593,7710-7714,7775-7779,8081-8085,10021-10025
packages/twenty-server/src/engine/core-modules/i18n/locales/ja-JP.po
  s_62258254606868::t_f993ccc37c9558 45-69,192-196,7589-7593,7710-7714,7775-7779,8081-8085,10021-10025
packages/twenty-server/src/engine/core-modules/i18n/locales/ko-KR.po
  s_62258254606868::t_688c9c20c212bf 45-69,192-196,7589-7593,7710-7714,7775-7779,8081-8085,10021-10025
packages/twenty-server/src/engine/core-modules/i18n/locales/nl-NL.po
  s_62258254606868::t_fc9b18d010b8a1 45-69,192-196,7589-7593,7710-7714,7775-7779,8081-8085,10021-10025
packages/twenty-server/src/engine/core-modules/i18n/locales/no-NO.po
  s_62258254606868::t_eaae0ac06ab15a 45-69,192-196,7589-7593,7710-7714,7775-7779,8081-8085,10021-10025
packages/twenty-server/src/engine/core-modules/i18n/locales/pl-PL.po
  s_62258254606868::t_30c616e32151a8 45-69,192-196,7589-7593,7710-7714,7775-7779,8081-8085,10021-10025
packages/twenty-server/src/engine/core-modules/i18n/locales/pseudo-en.po
  s_62258254606868::t_fdc0f47ae7e94b 40-64,187-191,7584-7588,7705-7709,7770-7774,8076-8080,10016-10020
packages/twenty-server/src/engine/core-modules/i18n/locales/pt-BR.po
  s_62258254606868::t_40b930b7e9c23b 45-69,192-196,7589-7593,7710-7714,7775-7779,8081-8085,10021-10025
packages/twenty-server/src/engine/core-modules/i18n/locales/pt-PT.po
  s_62258254606868::t_98314aae515298 45-69,192-196,7589-7593,7710-7714,7775-7779,8081-8085,10021-10025
packages/twenty-server/src/engine/core-modules/i18n/locales/ro-RO.po
  s_62258254606868::t_af387e6cd677b9 45-69,192-196,7589-7593,7710-7714,7775-7779,8081-8085,10021-10025
packages/twenty-server/src/engine/core-modules/i18n/locales/ru-RU.po
  s_62258254606868::t_a49ca5e5e2674a 45-69,192-196,7589-7593,7710-7714,7775-7779,8081-8085,10021-10025
packages/twenty-server/src/engine/core-modules/i18n/locales/sr-Cyrl.po
  s_62258254606868::t_b4fb3771e5ce7d 45-69,192-196,7589-7593,7710-7714,7775-7779,8081-8085,10021-10025
packages/twenty-server/src/engine/core-modules/i18n/locales/sv-SE.po
  s_62258254606868::t_c87066ae66ad33 45-69,192-196,7595-7599,7716-7720,7781-7785,8087-8091,10027-10031
packages/twenty-server/src/engine/core-modules/i18n/locales/tr-TR.po
  s_62258254606868::t_698b211d8fc4a9 45-69,192-196,7589-7593,7710-7714,7775-7779,8081-8085,10021-10025
packages/twenty-server/src/engine/core-modules/i18n/locales/uk-UA.po
  s_62258254606868::t_193dcba14fc081 45-69,192-196,7589-7593,7710-7714,7775-7779,8081-8085,10021-10025
packages/twenty-server/src/engine/core-modules/i18n/locales/vi-VN.po
  s_62258254606868::t_451aadd64e25a2 45-69,192-196,7589-7593,7710-7714,7775-7779,8081-8085,10021-10025
packages/twenty-server/src/engine/core-modules/i18n/locales/zh-CN.po
  s_62258254606868::t_0db900563b01ff 45-69,192-196,7589-7593,7710-7714,7775-7779,8081-8085,10021-10025
packages/twenty-server/src/engine/core-modules/i18n/locales/zh-TW.po
  s_62258254606868::t_ea5d1072f81bb0 45-69,192-196,7589-7593,7710-7714,7775-7779,8081-8085,10021-10025
packages/twenty-server/src/engine/core-modules/key-value-pair/key-value-pair.service.ts
  s_62258254606868::t_759a925c5465df 124-166
packages/twenty-server/src/engine/core-modules/logic-function/logic-function-drivers/drivers/lambda/constants/lambda-driver.constant.ts
  s_62258254606868::t_061af1f9326cad 12,19-23
packages/twenty-server/src/engine/core-modules/logic-function/logic-function-drivers/drivers/lambda/services/lambda-aws-client.service.ts
  s_62258254606868::t_9507bac50dfcf2 14,16-17,22,26-27,48-52,59-76,81,134-139,169
packages/twenty-server/src/engine/core-modules/logic-function/logic-function-drivers/drivers/lambda/services/lambda-executor-manager.service.ts
  s_62258254606868::t_c3f047013e103d 314-321
packages/twenty-server/src/engine/core-modules/logic-function/logic-function-drivers/drivers/lambda/services/lambda-layer-manager.service.ts
  s_62258254606868::t_a25e6f32b623ec 6,26-29,184-213
packages/twenty-server/src/engine/core-modules/logic-function/logic-function-drivers/drivers/lambda/services/lambda-tool-functions.service.ts
  s_62258254606868::t_bdcd07084c26a8 36,154,347-352,368-373
packages/twenty-server/src/engine/core-modules/logic-function/logic-function-drivers/drivers/lambda/utils/__tests__/build-yarn-install-failure-exception.util.spec.ts
  s_62258254606868::t_add8647ecf5403 1-2,4-8,10-13,16-19,21-24,27-32
packages/twenty-server/src/engine/core-modules/logic-function/logic-function-drivers/drivers/lambda/utils/build-yarn-install-failure-exception.util.ts
  s_62258254606868::t_2310e6c78580b2 1-25
packages/twenty-server/src/engine/core-modules/logic-function/logic-function-trigger/jobs/logic-function-trigger.job.ts
  s_62258254606868::t_00a2763f2f3a55 1,25-26,57-67
packages/twenty-server/src/engine/core-modules/logic-function/logic-function-trigger/triggers/route/exceptions/__tests__/route-trigger-rest-api-exception-filter.spec.ts
  s_62258254606868::t_ccff9e2daa6a1a 61-78
packages/twenty-server/src/engine/core-modules/logic-function/logic-function-trigger/triggers/route/exceptions/route-trigger-rest-api-exception-filter.ts
  s_62258254606868::t_d0403b450a9529 55-63
packages/twenty-server/src/engine/core-modules/logic-function/logic-function-trigger/triggers/route/exceptions/route-trigger.exception.ts
  s_62258254606868::t_8e4792f87c2e3f 20,51-52
packages/twenty-server/src/engine/core-modules/logic-function/logic-function-trigger/triggers/route/route-trigger.service.ts
  s_62258254606868::t_d598870aa9d772 242-243
packages/twenty-server/src/engine/core-modules/metrics/constants/workspace-migration-action-count-bucket-boundaries.constant.ts
  s_62258254606868::t_8b411706c8aab2 1-2
packages/twenty-server/src/engine/core-modules/metrics/constants/workspace-migration-duration-ms-bucket-boundaries.constant.ts
  s_62258254606868::t_1bbdb33f66e837 1-3
packages/twenty-server/src/engine/core-modules/metrics/types/metrics-keys.type.ts
  s_62258254606868::t_c62b3a3ef68714 86-92
packages/twenty-server/src/engine/core-modules/onboarding/enums/onboarding-status.enum.ts
  s_62258254606868::t_51382d2212b18e 8
packages/twenty-server/src/engine/core-modules/onboarding/onboarding.resolver.ts
  s_62258254606868::t_64fb8c810ff297 59-73
packages/twenty-server/src/engine/core-modules/onboarding/onboarding.service.spec.ts
  s_62258254606868::t_4cd1d8959746b7 2,4-5,13,21,28,33-34,38-40,43-44,64,66,92-99,105-108,118,125-218,412-762
packages/twenty-server/src/engine/core-modules/onboarding/onboarding.service.ts
  s_62258254606868::t_8665d739b5b631 2,4,7,20,32-33,41-42,60-61,114-116,133,136-141,143-146,417-541
packages/twenty-server/src/engine/core-modules/onboarding/utils/__tests__/get-book-call-step-min-employee-count.util.spec.ts
  s_62258254606868::t_723a32bd46b101 1-62
packages/twenty-server/src/engine/core-modules/onboarding/utils/get-book-call-step-min-employee-count.util.ts
  s_62258254606868::t_cb491ccadd05c9 1-19
packages/twenty-server/src/engine/core-modules/onboarding/utils/read-book-call-step-min-employee-count.util.ts
  s_62258254606868::t_ae2b05fef86871 1-12
packages/twenty-server/src/engine/core-modules/tool-provider/services/tool-executor.service.ts
  s_62258254606868::t_b51d2768b888d6 11,28-29,31,55-56,66-82,87,91,95,107-113
packages/twenty-server/src/engine/core-modules/tool-provider/tool-provider.module.ts
  s_62258254606868::t_47d0d531cadc77 18,72
packages/twenty-server/src/engine/core-modules/tool-provider/tools/__tests__/load-skill.tool.spec.ts
  s_62258254606868::t_f4fa3d93b780cf 1-38
packages/twenty-server/src/engine/core-modules/tool-provider/tools/load-skill.tool.ts
  s_62258254606868::t_42e688d8bf3f7a 2,60
packages/twenty-server/src/engine/core-modules/tool-provider/types/tool-auth-context-dependencies.type.ts
  s_62258254606868::t_f76b85ca201df5 1-11
packages/twenty-server/src/engine/core-modules/tool-provider/utils/__tests__/build-required-tool-auth-context.util.spec.ts
  s_62258254606868::t_57520501a99fe6 1-132
packages/twenty-server/src/engine/core-modules/tool-provider/utils/__tests__/with-resolved-tool-auth-context.util.spec.ts
  s_62258254606868::t_5b69382eb6983a 1-171
packages/twenty-server/src/engine/core-modules/tool-provider/utils/build-required-tool-auth-context.util.ts
  s_62258254606868::t_859c0ddc31e8e2 1-83
packages/twenty-server/src/engine/core-modules/tool-provider/utils/with-resolved-tool-auth-context.util.ts
  s_62258254606868::t_8704f2b3623edd 1-41
packages/twenty-server/src/engine/core-modules/tool/tools/email-tool/email-composer.service.ts
  s_62258254606868::t_09223ad3897a18 16-17,420-422
packages/twenty-server/src/engine/core-modules/twenty-config/__tests__/config-variables.spec.ts
  s_62258254606868::t_21512bcddf5510 1,3-29
packages/twenty-server/src/engine/core-modules/twenty-config/config-variables.ts
  s_62258254606868::t_6ddc5654a4997f 14-15,21,1085-1097,1107-1118
packages/twenty-server/src/engine/core-modules/upgrade/constants/twenty-current-version.constant.ts
  s_62258254606868::t_5ed09c3e72ecf2 10
packages/twenty-server/src/engine/core-modules/upgrade/constants/twenty-next-versions.constant.ts
  s_62258254606868::t_c9281b208274f4 11
packages/twenty-server/src/engine/core-modules/upgrade/constants/twenty-previous-versions.constant.ts
  s_62258254606868::t_2e264aee97d829 42
packages/twenty-server/src/engine/core-modules/user-session/services/user-session.service.spec.ts
  s_62258254606868::t_808177e71082f2 450-451,454,460,463,468-472,477,485,488,582-617
packages/twenty-server/src/engine/core-modules/user-session/services/user-session.service.ts
  s_62258254606868::t_bfe43d706c3920 421-431,438,460,463,468,474,487-488,491,496,510-513
packages/twenty-server/src/engine/core-modules/user-session/user-session.resolver.ts
  s_62258254606868::t_425d51b0fae813 11,20,37-39,42-52,69-71,76-78,80-84,87-94,107-115,124-127,139-141,144-152,156
packages/twenty-server/src/engine/core-modules/user/user-vars/services/user-vars.service.ts
  s_62258254606868::t_c4fff7ddb529ac 157-182
packages/twenty-server/src/engine/core-modules/user/user.resolver.ts
  s_62258254606868::t_52b20b186f6c2a 215
packages/twenty-server/src/engine/metadata-modules/ai/ai-agent-execution/services/agent-async-executor.service.ts
  s_62258254606868::t_35d42ac5307cfc 17-21,361
packages/twenty-server/src/engine/metadata-modules/ai/ai-chat/constants/chat-system-prompts.const.ts
  s_62258254606868::t_81f4938ba258ac 82-83,93-94,97-98,100-101,105,107
packages/twenty-server/src/engine/metadata-modules/ai/ai-chat/services/__tests__/system-prompt-builder.service.spec.ts
  s_62258254606868::t_c5c93a9c5a5c5e 74-106
packages/twenty-server/src/engine/metadata-modules/ai/ai-chat/services/system-prompt-builder.service.ts
  s_62258254606868::t_66b61c5eae4d8f 4-7,81-83,85,152-157,180-185,191
packages/twenty-server/src/engine/metadata-modules/flat-page-layout-widget/services/flat-page-layout-widget-type-validator.service.ts
  s_62258254606868::t_03456584c73c69 98-103,164-169
packages/twenty-server/src/engine/metadata-modules/flat-page-layout-widget/utils/from-page-layout-widget-configuration-to-universal-configuration.util.ts
  s_62258254606868::t_0feb28b45db8bf 284,287,302,329-335,344-353,376-381,399-400
packages/twenty-server/src/engine/metadata-modules/logic-function/logic-function.exception.ts
  s_62258254606868::t_8a6d4ec00ef9e0 19,52-53
packages/twenty-server/src/engine/metadata-modules/logic-function/utils/__tests__/logic-function-graphql-api-exception-handler.utils.spec.ts
  s_62258254606868::t_ebaf49d9cb390e 1-62
packages/twenty-server/src/engine/metadata-modules/logic-function/utils/logic-function-graphql-api-exception-handler.utils.ts
  s_62258254606868::t_899ab1b40b07b9 36
packages/twenty-server/src/engine/metadata-modules/page-layout-widget/constants/all-widget-configuration-type-validator-by-widget-configuration-type.constant.ts
  s_62258254606868::t_096fbd9601d607 2-3,42-43
packages/twenty-server/src/engine/metadata-modules/page-layout-widget/dtos/call-recording-summary-configuration.dto.ts
  s_62258254606868::t_da51cab2cc295a 1-14
packages/twenty-server/src/engine/metadata-modules/page-layout-widget/dtos/call-recording-transcript-configuration.dto.ts
  s_62258254606868::t_b5ba0818406b34 1-14
packages/twenty-server/src/engine/metadata-modules/page-layout-widget/dtos/field-configuration.dto.ts
  s_62258254606868::t_d6d9893bb7834b 38-42
packages/twenty-server/src/engine/metadata-modules/page-layout-widget/dtos/record-table-configuration.dto.ts
  s_62258254606868::t_f67eb0ea5286de 11-14,28
packages/twenty-server/src/engine/metadata-modules/page-layout-widget/enums/widget-configuration-type.type.ts
  s_62258254606868::t_fe8416bf6d7760 30-31
packages/twenty-server/src/engine/metadata-modules/page-layout-widget/enums/widget-type.enum.ts
  s_62258254606868::t_0223eea2b34916 21-22
packages/twenty-server/src/engine/metadata-modules/page-layout-widget/services/page-layout-widget.service.ts
  s_62258254606868::t_35f3b4906ccf3c 32,125,151-157,270,389,394,407
packages/twenty-server/src/engine/metadata-modules/page-layout-widget/utils/__tests__/validate-field-configuration-nested-relation.util.spec.ts
  s_62258254606868::t_5e56465a815fc4 1-303
packages/twenty-server/src/engine/metadata-modules/page-layout-widget/utils/__tests__/validate-widget-configuration-input.util.spec.ts
  s_62258254606868::t_6b0ee7ab374908 27-87
packages/twenty-server/src/engine/metadata-modules/page-layout-widget/utils/validate-field-configuration-nested-relation.util.ts
  s_62258254606868::t_55fb09e601909b 1-155
packages/twenty-server/src/engine/metadata-modules/page-layout-widget/utils/validate-widget-configuration-input.util.ts
  s_62258254606868::t_1258b81099cf06 5-7,12-13,129-158
packages/twenty-server/src/engine/metadata-modules/page-layout/services/page-layout-update.service.ts
  s_62258254606868::t_9379e36516216b 29,546,851,870-876
packages/twenty-server/src/engine/subscriptions/object-record-event/__tests__/object-record-event-publisher.spec.ts
  s_62258254606868::t_6be37bc4e93f1c 478-628,1069,1122-1131,1133
packages/twenty-server/src/engine/subscriptions/object-record-event/object-record-event-publisher.ts
  s_62258254606868::t_6e56964aad536b 549,551,555-557,559-570,573,575,579-592
packages/twenty-server/src/engine/workspace-cache/services/workspace-cache-metrics.service.ts
  s_62258254606868::t_496c0c7cccbf53 1,3,5,8,10-69,72-75,78-84,87-89,91-93,95-98,100,102-103,105-110,112,114,116-117,119-123,125-133,135-137,139-141,143-144,146-148,150-153,155-160,163,165-167,169-170,173-175,177,179-180,182-186,188-190,192-194,196-251,253-254
packages/twenty-server/src/engine/workspace-cache/services/workspace-cache.service.ts
  s_62258254606868::t_eded19ac885ae1 1-6,21,40,46,49-54,70,75,92,94,128-133,154,265-268,493,495,533,623-629,632,634-639,641-642
packages/twenty-server/src/engine/workspace-cache/utils/__tests__/compute-local-cache-stats.util.spec.ts
  s_62258254606868::t_626b1dc05c704b 1-51
packages/twenty-server/src/engine/workspace-cache/utils/__tests__/deep-size-bytes.util.spec.ts
  s_62258254606868::t_f105ad9fc57aed 1-54
packages/twenty-server/src/engine/workspace-cache/utils/__tests__/sweep-local-cache.util.spec.ts
  s_62258254606868::t_1cf7b0b2483eed 1-115
packages/twenty-server/src/engine/workspace-cache/utils/compute-local-cache-stats.util.ts
  s_62258254606868::t_37548ffb4efd83 1-5,8-19,21-23,25-26,28,32-35
packages/twenty-server/src/engine/workspace-cache/utils/deep-size-bytes.util.ts
  s_62258254606868::t_853928def2e04b 1-75
packages/twenty-server/src/engine/workspace-cache/utils/sweep-local-cache.util.ts
  s_62258254606868::t_e00ed6fa783ecb 1-90
packages/twenty-server/src/engine/workspace-cache/workspace-cache.module.ts
  s_62258254606868::t_533d52e2ab1f35 6,11
packages/twenty-server/src/engine/workspace-manager/twenty-standard-application/utils/page-layout-widget/build-standard-flat-page-layout-widget-metadata-maps.util.ts
  s_62258254606868::t_1899268a079ad7 42-43,67-70
packages/twenty-server/src/engine/workspace-manager/workspace-migration/interceptors/utils/__tests__/logic-function-dependencies-size-graphql-api-exception-handler.util.spec.ts
  s_62258254606868::t_18e0cc763efb22 1-43
packages/twenty-server/src/engine/workspace-manager/workspace-migration/interceptors/utils/logic-function-dependencies-size-graphql-api-exception-handler.util.ts
  s_62258254606868::t_af089ae704c33f 1-43
packages/twenty-server/src/engine/workspace-manager/workspace-migration/interceptors/workspace-migration-graphql-api-exception.interceptor.ts
  s_62258254606868::t_5b8079b261d11d 15-18,20,45-52
packages/twenty-server/src/engine/workspace-manager/workspace-migration/services/workspace-migration-validate-build-and-run-service.ts
  s_62258254606868::t_7e9be11ba13cdf 9-12,78,106-113,126-133,178-183
packages/twenty-server/src/engine/workspace-manager/workspace-migration/workspace-migration-builder/services/workspace-entity-migration-builder.service.ts
  s_62258254606868::t_a6fad53423b321 9-11,62-65,90-92,120-124,137-138,215-221,302-308,396-400,402-406,413-417,429-464
packages/twenty-server/src/engine/workspace-manager/workspace-migration/workspace-migration-builder/workspace-migration-builder.module.ts
  s_62258254606868::t_28a9c02d876703 4,40-44
packages/twenty-server/src/engine/workspace-manager/workspace-migration/workspace-migration-runner/action-handlers/page-layout-widget/services/utils/from-universal-configuration-to-flat-page-layout-widget-configuration.util.ts
  s_62258254606868::t_0c536767b2121c 263,265,319-320,329-338,357-364,381-382
packages/twenty-server/src/engine/workspace-manager/workspace-migration/workspace-migration-runner/action-handlers/workspace-schema-migration-runner-action-handlers.module.ts
  s_62258254606868::t_ca78a287fa6bea 5,107
packages/twenty-server/src/engine/workspace-manager/workspace-migration/workspace-migration-runner/interfaces/workspace-migration-runner-action-handler-service.interface.ts
  s_62258254606868::t_e833c977ca0121 7-9,81-83,329,332-347,352-359,364-365
packages/twenty-server/src/engine/workspace-manager/workspace-migration/workspace-migration-runner/services/workspace-migration-runner.service.ts
  s_62258254606868::t_4535d06f2280f3 9-11,42,156-177,207-242,310-315,424-435,443-448,521-526,528-533
packages/twenty-server/src/engine/workspace-manager/workspace-migration/workspace-migration-runner/workspace-migration-runner.module.ts
  s_62258254606868::t_a9bc0b10ee0fd0 8,31
packages/twenty-server/src/engine/workspace-manager/workspace-migration/workspace-migration.module.ts
  s_62258254606868::t_c3160d9f7f06f5 3,18
packages/twenty-server/src/modules/emailing/services/message-campaign.service.ts
  s_62258254606868::t_0631b4dfe07e92 56,267,276-277,452,481-482,525,654-656
packages/twenty-server/src/modules/emailing/utils/__tests__/compile-campaign-email-content.util.spec.ts
  s_62258254606868::t_4ac981cc30589c 1-7,10,12-15,19-20,31,34-35,38-41,43,49,54-58,60,71,76,82-91,95-98,102-124,128,131,137-144,146-147,151,154,157,161-166,168-169,173,179-200,202,205,212-215,217,221,226,232,234,240-248,253,259-266,271-276,283-293,295-301
packages/twenty-server/src/modules/emailing/utils/compile-campaign-email-content.util.ts
  s_62258254606868::t_e779d53dc9a200 1,4,8-14,17,20,22,25-27,30-34,37,39
packages/twenty-server/src/modules/emailing/zod-schemas/__tests__/sendable-draft-campaign.zod-schema.spec.ts
  s_62258254606868::t_0b6aa67f815a40 2,11,80,86,98-114,139,152,181
packages/twenty-server/src/modules/emailing/zod-schemas/sendable-draft-campaign.zod-schema.ts
  s_62258254606868::t_35d56b198fa049 2,6
packages/twenty-server/src/modules/messaging/message-import-manager/drivers/inbound-email/providers/inbound-email-s3-client.provider.ts
  s_62258254606868::t_cfd32fc0395201 8,58-61
packages/twenty-server/src/modules/workflow/workflow-core-consistency/services/__tests__/workflow-core-consistency.service.spec.ts
  s_62258254606868::t_db256addaf252a 22,41,51-52,54-55,209-248,251-252
packages/twenty-server/src/modules/workflow/workflow-core-consistency/services/workflow-core-consistency.service.ts
  s_62258254606868::t_47d15ba039ad5f 35,37-39,42,44,53-61,65,177
packages/twenty-server/src/modules/workflow/workflow-executor/workflow-actions/mail-sender/__tests__/send-email.workflow-action.spec.ts
  s_62258254606868::t_9303a303efe3d8 109-113,115,128,131,149,185,226,237-264,266-274
packages/twenty-server/src/modules/workflow/workflow-executor/workflow-actions/mail-sender/utils/__tests__/resolve-email-body.util.spec.ts
  s_62258254606868::t_85003829e3bb9a 21,29,51,55,74,78
packages/twenty-server/src/modules/workflow/workflow-executor/workflow-actions/mail-sender/utils/resolve-email-body.util.ts
  s_62258254606868::t_088f91820327c7 2,4,7,16,28-34
packages/twenty-server/src/utils/__tests__/aws-request-handler.util.spec.ts
  s_62258254606868::t_a7340304ef0684 1-6,8-10,13-14,17-21,23-28,32-39,42,44-45
packages/twenty-server/src/utils/aws-request-handler.util.ts
  s_62258254606868::t_4b0c828ada893d 1-3,5-8,10-20
packages/twenty-server/test/integration/graphql/suites/auth/user-sessions/workspace-scoped-user-sessions-api.integration-spec.ts
  s_62258254606868::t_6ffa54bf0e3658 1-115
packages/twenty-server/test/integration/metadata/suites/application/__snapshots__/failing-manifest-record-table-view-universal-identifier.integration-spec.ts.snap
  s_62258254606868::t_3c5259f5b61a56 1-51
packages/twenty-server/test/integration/metadata/suites/application/failing-manifest-record-table-view-universal-identifier.integration-spec.ts
  s_62258254606868::t_798610175e8fae 1-88
packages/twenty-server/test/integration/metadata/suites/application/successful-manifest-record-table-view-universal-identifier.integration-spec.ts
  s_62258254606868::t_5f3ac8b4f6f1c4 1-119
packages/twenty-shared/src/ai/index.ts
  s_62258254606868::t_c1c5df7453d492 54
packages/twenty-shared/src/ai/utils/__tests__/format-record-reference.util.spec.ts
  s_62258254606868::t_e562b142b34bc1 1-13
packages/twenty-shared/src/ai/utils/format-record-reference.util.ts
  s_62258254606868::t_cb144c82157425 1-9
packages/twenty-shared/src/constants/SubdomainMinLength.ts
  s_62258254606868::t_a8c4de1d8c878a 1
packages/twenty-shared/src/constants/SubdomainPattern.ts
  s_62258254606868::t_17feae64897852 1-4
packages/twenty-shared/src/constants/index.ts
  s_62258254606868::t_c63f99f190b459 64
packages/twenty-shared/src/types/index.ts
  s_62258254606868::t_dadef9c8810e8e 215-216
packages/twenty-shared/src/types/page-layout/page-layout-widget-configuration.type.ts
  s_62258254606868::t_a57e5d101cb7cd 95,104-106,170-177,218-220
packages/twenty-shared/src/utils/index.ts
  s_62258254606868::t_9297d9f0002beb 202-215,222,225-233,235-237,247
packages/twenty-shared/src/utils/tiptap/__tests__/email-document-node-catalog.test.ts
  s_62258254606868::t_80e05b4daf6276 1-33
packages/twenty-shared/src/utils/tiptap/__tests__/email-document-schema.test.ts
  s_62258254606868::t_37c7c31c77ed83 2-5,117-135
packages/twenty-shared/src/utils/tiptap/__tests__/tiptap-document.test.ts
  s_62258254606868::t_5fc81ab3eb8636 1-206
packages/twenty-shared/src/utils/tiptap/__tests__/transform-email-document-strings.test.ts
  s_62258254606868::t_1d31574e6f9cc9 30,56-57
packages/twenty-shared/src/utils/tiptap/email-document-mark-catalog.ts
  s_62258254606868::t_73276b8b6e0179 1-27
packages/twenty-shared/src/utils/tiptap/email-document-node-catalog.ts
  s_62258254606868::t_34bf122d75d4f7 1-102
packages/twenty-shared/src/utils/tiptap/email-document-schema-version.ts
  s_62258254606868::t_ffd66dbc148252 1-3
packages/twenty-shared/src/utils/tiptap/email-document-schema.ts
  s_62258254606868::t_bdda9653ac5ebb 170
packages/twenty-shared/src/utils/tiptap/is-email-document-shape.ts
  s_62258254606868::t_cd977e60d4dcb4 1-7
packages/twenty-shared/src/utils/tiptap/parse-email-document.ts
  s_62258254606868::t_0b1ce0b6503897 5-9,13,27-45
packages/twenty-shared/src/utils/tiptap/parse-tiptap-json-document.ts
  s_62258254606868::t_c9dbeff9244c86 1-60
packages/twenty-shared/src/utils/tiptap/tiptap-document-schema-version.ts
  s_62258254606868::t_425cdffe68ca27 1
packages/twenty-shared/src/utils/tiptap/tiptap-document-to-markdown.ts
  s_62258254606868::t_9b41d6c5993fd6 1-172
packages/twenty-shared/src/utils/tiptap/tiptap-document.ts
  s_62258254606868::t_319f738a505ead 1-5
packages/twenty-shared/src/utils/tiptap/tiptap-node-types.ts
  s_62258254606868::t_7fa86f0f535d78 2,7
packages/twenty-shared/src/utils/tiptap/tiptap-node.ts
  s_62258254606868::t_cd01b32c6e3b13 1-9
packages/twenty-shared/src/utils/tiptap/transform-email-document-strings.ts
  s_62258254606868::t_449c31b6e66b16 1-6,8-11,19-23,25,28,32-44,51-58,65-66,73-81
packages/twenty-shared/src/utils/validation/__tests__/isValidTwentySubdomain.test.ts
  s_62258254606868::t_9549d2d88ef60b 19-22
packages/twenty-shared/src/workflow/index.ts
  s_62258254606868::t_b2c2d6eae9f626 130
packages/twenty-shared/src/workflow/utils/__tests__/isStandaloneVariableString.test.ts
  s_62258254606868::t_01ee3e30c7fbee 3-6,8-10,12-14,16-18
packages/twenty-shared/src/workflow/utils/isStandaloneVariableString.ts
  s_62258254606868::t_5fa258c658818d 1-2
packages/twenty-ui/.storybook/preview.tsx
  s_62258254606868::t_da8831ce62fe35 1-4
packages/twenty-ui/package.json
  s_62258254606868::t_3028dfd38b1eb8 33
packages/twenty-ui/src/input/CodeEditor/CodeEditor.tsx
  s_62258254606868::t_8a90d2f02e32bd 1-5,25-52,102-103,161-174,212
packages/twenty-website/src/app/[locale]/layout.tsx
  s_62258254606868::t_8c2eb0c67748fc 16-21,26-29,34-37,42-43,45
packages/twenty-website/src/fonts/README.md
  s_62258254606868::t_8874d0883f17eb 1,3-5,7-17
packages/twenty-website/src/platform/seo/JsonLd.tsx
  s_62258254606868::t_6b2abc941d1836 1-2,11
packages/twenty-website/src/platform/seo/serialize-json-ld.test.ts
  s_62258254606868::t_ce9926f23c9bd2 1-35
packages/twenty-website/src/platform/seo/serialize-json-ld.ts
  s_62258254606868::t_74a873360fd1af 1-18
yarn.lock
  s_62258254606868::t_7ceea0ad191fb6 616-618,620-621,624-625,629-631,636-637,4832-4838,4937-4939,4944-4946,4951-4953,4958-4960,4965-4967,5132-5134,5136-5138,5142-5144,5146-5147,5167-5170,5184,5194-5203,5217-5219,5221-5222,5226,5248-5250,5256,5548-5550,5553,5557-5559,5562,6170,7396-7399,7415-7417,7419,7427-7429,7431-7443,7463-7465,7467,7475-7477,7479-7491,7499-7516,7524-7526,7531-7540,7552-7554,7559-7568,7580-7582,7587-7596,7608-7610,7615-7617,7622-7625,7636-7649,7657-7670,7678-7680,7685-7694,7706-7708,7713-7722,7734-7736,7741-7750,7762-7764,7769-7778,7795-7797,7799,7807-7809,7811-7823,7843-7845,7847,7855-7857,7859,7867-7869,7871,7873,7875,7891-7914,7927-7950,7963-7965,7967,7975-7977,7979-7991,8011-8025,8027,8035-8037,8039,8059-8061,8063,8071-8073,8075-8087,8107-8109,8111,8119-8121,8123-8135,8152-8154,8156,8161-8163,8165-8183,8188-8193,8204-8217,8225-8227,8232-8241,8253-8255,8260-8269,11958-11964,11972-11975,11986-11989,12000-12003,12014-12017,12028-12031,12042-12045,12056-12059,12070-12073,24731,25299-25300,25303,25306,26018-26019,26023,26028-26029,26032,26037-26038,26041,28564,28994,29422-29423,29425-29427,29431,29434-29440,31535,34310-34312,36473-36475,36477-36478,36480-36481,36487,36491-36492,36496,36499,36503,37731,37738-37744,39175-39177,39180,39182,39185,39969-39980,40024,40228-40229,40239,40243,46329-46337,46537-46568,46574-46575,46586-46587,46602-46603,46612,46620-46623,46696-46783,48525,48538-48550,49032-49034,49037,49735,49905,49966,50029,50372-50374,50377,50380,50390,50399,50405,50445,50449-50451,50454,50457,50467,50476,50482,50522,50665-50668,50673-50682,52269,52280-52290,52513-52515,52517-52521,52535,52540-52541,52548,52551,52553,52564,52980-52994
packages/twenty-server/src/database/commands/upgrade-version-command/instance-commands.constant.ts
  s_62258254606868::t_8816c2f2ef0868 140,280
---
{
  "schema_version": "authorship/3.0.0",
  "git_ai_version": "1.6.21",
  "base_commit_sha": "387cde1df6ead0ac11d3cfd8827a9ce30bcd1f58",
  "prompts": {},
  "sessions": {
    "s_62258254606868": {
      "agent_id": {
        "tool": "claude",
        "id": "b859e0a0-923c-4364-abb5-2540ded6d7bd",
        "model": "claude-fable-5"
      },
      "human_author": "neo773 <huzef@twenty.com>"
    }
  }
}